
> nextn@1.2.0 verify
> npm run test:all && npm run typecheck && npm run build && npm run go:test


> nextn@1.2.0 test:all
> npm run validate:plugin-ui-contract && NODE_ENV=test node --import tsx --test $(find plugins src -name '*.test.ts' ! -path 'src/lib/storage.test.ts') && NODE_ENV=test node --import tsx src/lib/storage.test.ts


> nextn@1.2.0 validate:plugin-ui-contract
> node --import tsx scripts/validate-plugin-ui-contract.ts

✅ Plugin UI contract validation passed.
✔ github-sync manifest declares the expected settings tab copy and icon (1.176906ms)
✔ github-sync manifest evidence tracks sync-specific UX safeguards (0.979375ms)
✔ returns a validation error when owner or repo are missing (1.081012ms)
✔ deriveGitHubSettingsControlState returns deterministic button states/labels for edge combinations (0.5865ms)
✔ builds failure messages for API/network errors (0.231681ms)
✔ deriveDisableOutcome returns deterministic results for edge destructive states (1.084905ms)
✔ deriveClearOutcome returns deterministic results for edge destructive states (0.435484ms)
✔ runLoadGitHubSyncHistory maps error and empty responses to semantic user-facing messages (30.812324ms)
✔ runLoadGitHubSyncHistory maps summary payload fields and warnings into success state data (1.158313ms)
✔ runLoadGitHubSyncHistory supports retry callback behavior by allowing a second invocation to recover from an error (1.299624ms)
✔ initPlugin registers github settings renderer (1.430301ms)
✔ createDomSafePathId returns deterministic, DOM-safe ids for complex paths (1.195386ms)
✔ parseApiResponse surfaces JSON error payload message (49.877218ms)
✔ parseApiResponse handles text/plain error payload with status and route hint (0.871198ms)
✔ parseApiResponse handles HTML 404 payload with clear fallback messaging (0.774195ms)
✔ parseApiResponse reports malformed JSON payload with controlled message (0.565883ms)
✔ apply confirmation requires strong APPLY phrase (1.365897ms)
✔ canceling reset confirmation does not mutate diagnostics state (0.566862ms)
✔ confirming reset returns empty state and keeps undo snapshot (1.381933ms)
✔ audit review content groups flags with plain-language headings and helper text (1.896919ms)
✔ createUiState returns idle state copy (1.332189ms)
✔ createUiState returns loading state with long-running messaging (0.288081ms)
✔ createUiState returns empty state for no logs and no findings (0.241785ms)
✔ createUiState returns error state with concise reason and recovery step (0.288656ms)
✔ createUiState returns success state (0.220523ms)
✔ createUiState interruption flow uses cancellation next step guidance (0.25102ms)
✔ createUiState error for config issues uses server/proxy guidance (0.341241ms)
✔ createUiState error for generic preview failures keeps refresh guidance (0.256453ms)
▶ useAuditStateManager
  ✔ should initialize with empty audit results (20.962944ms)
  ✔ should initialize with provided audit results (3.194617ms)
✔ useAuditStateManager (25.482735ms)
▶ useFileValidationController
  ✔ should initialize with empty state (19.829531ms)
  ✔ should expose required methods (2.616164ms)
✔ useFileValidationController (23.878357ms)
▶ parseLogDoctorApiResponse
  ✔ should parse successful JSON response (39.022685ms)
  ✔ should handle application/json charset (0.667729ms)
  ✔ should handle custom +json content types (0.874865ms)
  ✔ should throw on non-200 status with JSON error message (0.653317ms)
  ✔ should throw on non-200 status without custom message (0.755475ms)
  ✔ should throw on malformed JSON (0.57845ms)
  ✔ should throw on non-JSON response (8.75983ms)
  ✔ should throw on missing content-type header (1.335514ms)
  ✔ should include route hint in error for non-JSON responses (1.472135ms)
  ✔ should truncate long response body in error message (1.881873ms)
  ✔ should handle case-insensitive content-type header (0.451844ms)
✔ parseLogDoctorApiResponse (58.983146ms)
✔ detectNoTechniquesHighEffort: flags high effort (>= 4) with zero techniques (16.711377ms)
✔ detectNoTechniquesHighEffort: flags effort 5 with zero techniques (0.299006ms)
✔ detectNoTechniquesHighEffort: does not flag effort 3 with zero techniques (3.383281ms)
✔ detectNoTechniquesHighEffort: does not flag effort 5 with techniques (0.214358ms)
✔ detectNoTechniquesHighEffort: respects custom effort threshold (8.005937ms)
✔ detectEmptyDescription: flags missing description (0.335665ms)
✔ detectEmptyDescription: flags empty string description (0.207079ms)
✔ detectEmptyDescription: flags whitespace-only description (0.188028ms)
✔ detectEmptyDescription: does not flag non-empty description (0.198273ms)
✔ detectEmptyNotes: flags missing notes (0.369999ms)
✔ detectEmptyNotes: flags empty notes (0.191873ms)
✔ detectEmptyNotes: flags whitespace-only notes (0.16132ms)
✔ detectEmptyNotes: does not flag non-empty notes (14.949112ms)
✔ detectDurationOutlier: does not flag when duration is undefined (0.334081ms)
✔ detectDurationOutlier: does not flag when less than 3 sessions with duration (9.42663ms)
✔ detectDurationOutlier: flags large duration outliers with 1 std dev multiplier (0.627576ms)
✔ detectDurationOutlier: flags small duration outliers with 1 std dev multiplier (0.215727ms)
✔ detectDurationOutlier: does not flag duration within 2 std deviations (0.20552ms)
✔ detectDurationOutlier: respects custom std dev multiplier (0.160143ms)
✔ runAuditRules: runs all enabled rules (0.44548ms)
✔ runAuditRules: skips disabled rules (0.229265ms)
✔ runAuditRules: returns empty array for clean session (12.502477ms)
✔ runAuditRulesForAllSessions: returns flagged sessions only (8.70625ms)
✔ runAuditRulesForAllSessions: includes sessions with no flags in original list (0.212934ms)
✔ github-sync manifest contract (4.760753ms)
✔ log-doctor manifest contract (0.659913ms)
✔ prompt-settings manifest contract (0.376071ms)
✔ tag-manager manifest contract (0.488696ms)
✔ video-library manifest contract (0.323786ms)
✔ initPlugin registers github-sync ids exactly once (1.370841ms)
✔ initPlugin registers log-doctor ids exactly once (0.193149ms)
✔ initPlugin registers prompt-settings ids exactly once (0.14212ms)
✔ initPlugin registers tag-manager ids exactly once (0.170005ms)
✔ initPlugin registers video-library ids exactly once (0.185136ms)
✔ plugin sources avoid hardcoded semantic color utility classes (16.835987ms)
✔ composition conformance passes for a sectioned dashboard shell with destructive flow wrapper (9.983847ms)
✔ composition conformance fails when layout is not shell-rooted, not sectioned, and uses raw destructive button (1.239158ms)
✔ composition conformance fails when required blocks are outside PluginPageShell even if helpers are imported (1.461489ms)
✔ github-sync uses standardized plugin state helpers (1.496074ms)
✔ prompt-settings uses standardized plugin state helpers (1.203869ms)
✔ tag-manager uses standardized plugin state helpers (0.38693ms)
✔ video-library uses standardized plugin state helpers (0.412646ms)
✔ log-doctor uses standardized plugin state helpers (0.350705ms)
✔ required helper contract check fails when helper is missing (0.825599ms)
✔ prompt-settings manifest declares the expected dashboard tab copy and icon (0.753013ms)
✔ prompt-settings manifest evidence tracks prompt settings UX coverage (0.656682ms)
✔ delete flow exposes loading labels and disabled actions while async work is in progress (0.862041ms)
✔ delete flow surfaces recoverable errors and supports retry after apply failure (0.716651ms)
✔ initPlugin registers tag manager renderer with refresh wiring (1.035115ms)
✔ fallback prompt uses shared default constant with mixed-discipline preservation guidance (2.00123ms)
✔ prompt payload keeps custom prompt override and raw mixed-language input unchanged (0.307451ms)
✔ log-doctor fix route proxies to /api/go/github/log-doctor/fix with expected body mapping (7.244661ms)
✔ log-doctor fix route rejects invalid payloads before proxying (3.424043ms)
✔ log-doctor fix route maps malformed proxy base URL to a configuration-specific 500 message (0.405488ms)
✔ log-doctor route proxies to /api/go/github/log-doctor and trims owner/repo/branch (7.12022ms)
✔ log-doctor route rejects invalid body before proxying (1.842775ms)
✔ log-doctor route returns upstream 404 when proxied go route is absent (1.392158ms)
✔ log-doctor route maps malformed proxy base URL to a configuration-specific 500 message (0.508289ms)
✔ derivePluginManagerInstalledViewState maps lifecycle scenarios to visible UI states (21.187989ms)
✔ installed content renders behavior-defining UI surfaces for each scenario state (4.055809ms)
✔ deriveInstalledPlugins keeps tag-manager priority and does not mutate source rows across repeated calls (7.393319ms)
✔ isActiveRefreshRequest only applies responses for the latest mounted refresh (0.165488ms)
✔ isActiveRefreshRequest prevents out-of-order completion from regressing current UI state (0.388108ms)
✔ installed table uses semantic tone utility classes for maturity and severity badges (2.416155ms)
✔ PluginPageShell renders title, description, icon, and content regions (11.78259ms)
✔ PluginNotice renders notice title and description content (1.79081ms)
✔ VersionHistoryModal clears loading and renders release content after a successful fetch (165.68917ms)
✔ VersionHistoryModal clears loading and surfaces an error message after a failed fetch (3.767028ms)
✔ useSessionFormAi hook structure is verified (0.861927ms)
✔ APP_VERSION matches package.json version (4.846326ms)
✔ APP_VERSION matches the latest CHANGELOG.md entry (2.203541ms)
✔ guest normalization (null/undefined/blank -> guest) (2.706417ms)
✔ active user switching (0.753532ms)
✔ scoped key generation for explicit user (1.211152ms)
✔ guest-mode predicate behavior (1.366147ms)
▶ dashboard utilities - user initials generation
  ✔ generates initials from display name (0.839055ms)
  ✔ generates initials from email when display name is unavailable (0.213818ms)
  ✔ uses guest label when both display name and email are unavailable in guest mode (0.141952ms)
  ✔ uses MM default when both display name and email are unavailable in non-guest mode (0.105918ms)
  ✔ handles single-word display names (0.096067ms)
  ✔ limits initials to 2 characters maximum (0.16504ms)
  ✔ converts initials to uppercase (0.121632ms)
  ✔ handles email with multiple domains correctly (0.184056ms)
✔ dashboard utilities - user initials generation (3.203726ms)
▶ dashboard utilities - guest badge label
  ✔ returns guest workspace label for custom source (1.148497ms)
  ✔ returns demo preview label for demo source (0.109374ms)
✔ dashboard utilities - guest badge label (1.599724ms)
▶ dashboard utilities - sync status text generation
  ✔ returns offline when not online (0.159854ms)
  ✔ returns syncing when actively syncing (0.132333ms)
  ✔ returns pending count when online but not syncing with pending items (0.117246ms)
  ✔ returns synced when online with no pending items (0.149784ms)
  ✔ prioritizes offline status over syncing (0.102572ms)
  ✔ prioritizes syncing status over pending count (0.114635ms)
  ✔ handles single pending item correctly (0.109457ms)
  ✔ handles large pending counts (0.142859ms)
✔ dashboard utilities - sync status text generation (1.663387ms)
▶ dashboard utilities - guest workspace description
  ✔ returns custom description for custom source (0.124897ms)
  ✔ returns demo description for demo source (0.059613ms)
✔ dashboard utilities - guest workspace description (0.380239ms)
▶ dashboard utilities - guest mode alert message
  ✔ returns custom workspace message with auth available (0.181983ms)
  ✔ returns custom workspace message without auth available (0.064548ms)
  ✔ returns demo workspace message with auth available (0.065283ms)
  ✔ returns demo workspace message without auth available (0.06629ms)
✔ dashboard utilities - guest mode alert message (0.582305ms)
▶ dashboard utilities - sign in button text
  ✔ returns unlock button text when auth is available (0.070328ms)
  ✔ returns setup button text when auth is not available (0.088135ms)
✔ dashboard utilities - sign in button text (0.287474ms)
✔ canonical design token keys match DESIGN.md section 2 source of truth (2.393377ms)
✔ canonical design token keys remain kebab-case and do not introduce underscores (0.342546ms)
✔ updateSession moves the markdown file when the session date changes (44.525594ms)
✔ updateSession leaves exactly one markdown file for the session after a date move (17.283807ms)
✔ findSessionFileById locates a session even when the file path month no longer matches frontmatter date (7.906915ms)
✔ updateSession rejects a conflicting destination file and preserves the original file (15.483024ms)
✔ updateSession overwrites an existing destination file when it has the same session ID with stale content (39.669652ms)
✔ concurrent updateSession calls for the same file return a conflict for one caller (17.021226ms)
✔ updateSession releases same-path lock when commit rename fails (15.776975ms)
✔ concurrent deleteSession and updateSession cannot resurrect a session (32.912548ms)
✔ updateSession returns SessionNotFoundError when delete wins before update acquires the lock (16.151363ms)
✔ shouldReclaimSessionUpdateLock keeps alive PID locks even when old (1.711647ms)
✔ updateSession reclaims same-path lock when owner PID is dead regardless of age (10.841348ms)
✔ updateSession reclaims malformed same-path lock metadata (15.842927ms)
✔ updateSession keeps conflict behavior when same-path lock is active (5.028396ms)
✔ acquireSessionUpdateLock allows same-owner reentrant acquisition (7.096776ms)
✔ acquireSessionUpdateLock keeps conflicts for different-owner active locks (6.015056ms)
✔ reentrant release ordering cannot delete another owner reclaimed lock (6.024519ms)
✔ shouldReclaimSessionUpdateLock reclaims unknown PID locks only after timeout age (6.086649ms)
✔ concurrent date-move updates avoid deadlock and resolve with one winner (26.597809ms)
✔ deleteSession racing with date move yields deterministic deleted state (16.742057ms)
✔ updateSession release lock is robust on normal and ENOENT cleanup paths (15.88615ms)
✔ late release does not delete a reclaimed lock owned by another caller (21.663543ms)
✔ createSession rejects same-ID concurrent creates across different dates and preserves a single canonical file (8.863437ms)
✔ createSession resolves concurrent create when the winning writer completes after 200ms (572.009718ms)
✔ findSessionFileById throws DuplicateSessionIdError when multiple files share an ID (6.11199ms)
Skipping unreadable or malformed session file during lookup for session-duplicate-with-malformed: /tmp/matmetrics-file-storage-YnrZVF/2025/03/20250310-matmetrics-session-malformed-neighbor.md Error: Missing or invalid "id" in frontmatter
    at validateId (/workspaces/matmetrics/src/lib/markdown-serializer.ts:117:11)
    at markdownToSession (/workspaces/matmetrics/src/lib/markdown-serializer.ts:84:14)
    at tryParseSessionFile (/workspaces/matmetrics/src/lib/file-storage.ts:1314:27)
    at async scanMonthDirectory (/workspaces/matmetrics/src/lib/file-storage.ts:1395:25)
    at async scanYearDirectory (/workspaces/matmetrics/src/lib/file-storage.ts:1427:26)
    at async findSessionFileById (/workspaces/matmetrics/src/lib/file-storage.ts:1481:25)
    at async waitForActual (node:assert:646:5)
    at async strict.rejects (node:assert:769:25)
    at async <anonymous> (/workspaces/matmetrics/src/lib/file-storage.test.ts:1244:7)
    at async withTempDataDir (/workspaces/matmetrics/src/lib/file-storage.test.ts:66:5)
✔ findSessionFileById still detects duplicate IDs when malformed files are present (32.715465ms)
Skipping unreadable or malformed session file during lookup for session-read-error: /tmp/matmetrics-file-storage-KOcvBU/2025/01/20250110-matmetrics-session-read-error-bad.md Error: Missing or invalid "id" in frontmatter
    at validateId (/workspaces/matmetrics/src/lib/markdown-serializer.ts:117:11)
    at markdownToSession (/workspaces/matmetrics/src/lib/markdown-serializer.ts:84:14)
    at tryParseSessionFile (/workspaces/matmetrics/src/lib/file-storage.ts:1314:27)
    at async scanMonthDirectory (/workspaces/matmetrics/src/lib/file-storage.ts:1395:25)
    at async scanYearDirectory (/workspaces/matmetrics/src/lib/file-storage.ts:1427:26)
    at async findSessionFileById (/workspaces/matmetrics/src/lib/file-storage.ts:1481:25)
    at async <anonymous> (/workspaces/matmetrics/src/lib/file-storage.test.ts:1275:20)
    at async withTempDataDir (/workspaces/matmetrics/src/lib/file-storage.test.ts:66:5)
    at async TestContext.<anonymous> (/workspaces/matmetrics/src/lib/file-storage.test.ts:1263:5)
    at async Test.run (node:internal/test_runner/test:1113:7)
✔ findSessionFileById skips malformed sibling markdown files and still finds valid matches (17.473161ms)
Skipping invalid indexed session record for session-malformed-indexed; falling back to directory scan Error: Missing or invalid "date" in frontmatter
    at validateDate (/workspaces/matmetrics/src/lib/markdown-serializer.ts:124:11)
    at markdownToSession (/workspaces/matmetrics/src/lib/markdown-serializer.ts:85:16)
    at checkIndexedSessionRecord (/workspaces/matmetrics/src/lib/file-storage.ts:1348:27)
    at async findSessionFileById (/workspaces/matmetrics/src/lib/file-storage.ts:1460:23)
    at async <anonymous> (/workspaces/matmetrics/src/lib/file-storage.test.ts:1306:20)
    at async withTempDataDir (/workspaces/matmetrics/src/lib/file-storage.test.ts:66:5)
    at async TestContext.<anonymous> (/workspaces/matmetrics/src/lib/file-storage.test.ts:1284:5)
    at async Test.run (node:internal/test_runner/test:1113:7)
    at async Test.processPendingSubtests (node:internal/test_runner/test:788:7)
Skipping unreadable or malformed session file during lookup for session-malformed-indexed: /tmp/matmetrics-file-storage-wxPjls/2025/04/20250421-matmetrics-session-malformed-indexed.md Error: Missing or invalid "date" in frontmatter
    at validateDate (/workspaces/matmetrics/src/lib/markdown-serializer.ts:124:11)
    at markdownToSession (/workspaces/matmetrics/src/lib/markdown-serializer.ts:85:16)
    at tryParseSessionFile (/workspaces/matmetrics/src/lib/file-storage.ts:1314:27)
    at async scanMonthDirectory (/workspaces/matmetrics/src/lib/file-storage.ts:1395:25)
    at async scanYearDirectory (/workspaces/matmetrics/src/lib/file-storage.ts:1427:26)
    at async findSessionFileById (/workspaces/matmetrics/src/lib/file-storage.ts:1481:25)
    at async <anonymous> (/workspaces/matmetrics/src/lib/file-storage.test.ts:1306:20)
    at async withTempDataDir (/workspaces/matmetrics/src/lib/file-storage.test.ts:66:5)
    at async TestContext.<anonymous> (/workspaces/matmetrics/src/lib/file-storage.test.ts:1284:5)
    at async Test.run (node:internal/test_runner/test:1113:7)
✔ findSessionFileById falls back to full scan when indexed file is malformed (9.682906ms)
Skipping invalid indexed session record for session-caller-read-error; falling back to directory scan Error: simulated io failure
    at Object.import_fs.promises.readFile (/workspaces/matmetrics/src/lib/file-storage.test.ts:1323:31)
    at checkIndexedSessionRecord (/workspaces/matmetrics/src/lib/file-storage.ts:1344:31)
    at async findSessionFileById (/workspaces/matmetrics/src/lib/file-storage.ts:1460:23)
    at async updateSession (/workspaces/matmetrics/src/lib/file-storage.ts:1078:24)
    at async waitForActual (node:assert:646:5)
    at async strict.rejects (node:assert:769:25)
    at async <anonymous> (/workspaces/matmetrics/src/lib/file-storage.test.ts:1331:9)
    at async withTempDataDir (/workspaces/matmetrics/src/lib/file-storage.test.ts:66:5)
    at async TestContext.<anonymous> (/workspaces/matmetrics/src/lib/file-storage.test.ts:1315:5)
    at async Test.run (node:internal/test_runner/test:1113:7) {
  code: 'EIO'
}
Skipping unreadable or malformed session file during lookup for session-caller-read-error: /tmp/matmetrics-file-storage-TVcUvq/2025/01/20250110-matmetrics-session-caller-read-error.md Error: simulated io failure
    at Object.import_fs.promises.readFile (/workspaces/matmetrics/src/lib/file-storage.test.ts:1323:31)
    at tryParseSessionFile (/workspaces/matmetrics/src/lib/file-storage.ts:1313:31)
    at async scanMonthDirectory (/workspaces/matmetrics/src/lib/file-storage.ts:1395:25)
    at async scanYearDirectory (/workspaces/matmetrics/src/lib/file-storage.ts:1427:26)
    at async findSessionFileById (/workspaces/matmetrics/src/lib/file-storage.ts:1481:25)
    at async updateSession (/workspaces/matmetrics/src/lib/file-storage.ts:1078:24)
    at async waitForActual (node:assert:646:5)
    at async strict.rejects (node:assert:769:25)
    at async <anonymous> (/workspaces/matmetrics/src/lib/file-storage.test.ts:1331:9)
    at async withTempDataDir (/workspaces/matmetrics/src/lib/file-storage.test.ts:66:5) {
  code: 'EIO'
}
Skipping invalid indexed session record for session-caller-read-error; falling back to directory scan Error: simulated io failure
    at Object.import_fs.promises.readFile (/workspaces/matmetrics/src/lib/file-storage.test.ts:1323:31)
    at checkIndexedSessionRecord (/workspaces/matmetrics/src/lib/file-storage.ts:1344:31)
    at async findSessionFileById (/workspaces/matmetrics/src/lib/file-storage.ts:1460:23)
    at async deleteSession (/workspaces/matmetrics/src/lib/file-storage.ts:1198:23)
    at async waitForActual (node:assert:646:5)
    at async strict.rejects (node:assert:769:25)
    at async <anonymous> (/workspaces/matmetrics/src/lib/file-storage.test.ts:1338:9)
    at async withTempDataDir (/workspaces/matmetrics/src/lib/file-storage.test.ts:66:5)
    at async TestContext.<anonymous> (/workspaces/matmetrics/src/lib/file-storage.test.ts:1315:5)
    at async Test.run (node:internal/test_runner/test:1113:7) {
  code: 'EIO'
}
Skipping unreadable or malformed session file during lookup for session-caller-read-error: /tmp/matmetrics-file-storage-TVcUvq/2025/01/20250110-matmetrics-session-caller-read-error.md Error: simulated io failure
    at Object.import_fs.promises.readFile (/workspaces/matmetrics/src/lib/file-storage.test.ts:1323:31)
    at tryParseSessionFile (/workspaces/matmetrics/src/lib/file-storage.ts:1313:31)
    at async scanMonthDirectory (/workspaces/matmetrics/src/lib/file-storage.ts:1395:25)
    at async scanYearDirectory (/workspaces/matmetrics/src/lib/file-storage.ts:1427:26)
    at async findSessionFileById (/workspaces/matmetrics/src/lib/file-storage.ts:1481:25)
    at async deleteSession (/workspaces/matmetrics/src/lib/file-storage.ts:1198:23)
    at async waitForActual (node:assert:646:5)
    at async strict.rejects (node:assert:769:25)
    at async <anonymous> (/workspaces/matmetrics/src/lib/file-storage.test.ts:1338:9)
    at async withTempDataDir (/workspaces/matmetrics/src/lib/file-storage.test.ts:66:5) {
  code: 'EIO'
}
✔ updateSession and deleteSession return not-found when all matching files are unreadable (12.59128ms)
✔ updateSession and deleteSession throw DuplicateSessionIdError when session ID is duplicated (8.401076ms)
✔ deleteSession treats ENOENT as already deleted and still removes the index entry (11.354222ms)
✔ deleteSession retries once after ENOENT and deletes a moved session file (15.81741ms)
✔ createSession rolls back index lock when markdown write fails (5.272253ms)
✔ listSessions and hasAnySessions ignore index-only directories (1.972722ms)
Failed to read session index for session-outside-index Error: Resolved session file path escapes data directory
    at ensureResolvedPathWithinDataDir (/workspaces/matmetrics/src/lib/file-storage.ts:154:11)
    at ensureExistingPathWithinDataDir (/workspaces/matmetrics/src/lib/file-storage.ts:175:20)
    at readSessionIndex (/workspaces/matmetrics/src/lib/file-storage.ts:675:21)
    at async checkIndexedSessionRecord (/workspaces/matmetrics/src/lib/file-storage.ts:1338:25)
    at async findSessionFileById (/workspaces/matmetrics/src/lib/file-storage.ts:1460:23)
    at async <anonymous> (/workspaces/matmetrics/src/lib/file-storage.test.ts:1589:22)
    at async withTempDataDir (/workspaces/matmetrics/src/lib/file-storage.test.ts:66:5)
    at async TestContext.<anonymous> (/workspaces/matmetrics/src/lib/file-storage.test.ts:1560:5)
    at async Test.run (node:internal/test_runner/test:1113:7)
    at async Test.processPendingSubtests (node:internal/test_runner/test:788:7)
✔ findSessionFileById ignores index records that point outside the data root (8.244357ms)
✔ listSessions and hasAnySessions ignore symlinked year directories that escape the data root (2.249005ms)
✔ getNextCounter rejects invalid dates before constructing paths (1.270765ms)
✔ getNextCounter counts existing sessions for a normalized valid date (8.693039ms)
✔ extractDateFromPath extracts dates from POSIX-style session paths (0.329268ms)
✔ extractDateFromPath extracts dates from Windows-style session paths (0.147056ms)
Skipping unreadable or malformed session file during lookup for session-duplicate-unreadable: /tmp/matmetrics-file-storage-5MfgRg/2025/02/20250210-matmetrics-session-duplicate-unreadable.md Error: simulated read failure
    at Object.import_fs.promises.readFile (/workspaces/matmetrics/src/lib/file-storage.test.ts:1742:33)
    at tryParseSessionFile (/workspaces/matmetrics/src/lib/file-storage.ts:1313:31)
    at async scanMonthDirectory (/workspaces/matmetrics/src/lib/file-storage.ts:1395:25)
    at async scanYearDirectory (/workspaces/matmetrics/src/lib/file-storage.ts:1427:26)
    at async findSessionFileById (/workspaces/matmetrics/src/lib/file-storage.ts:1481:25)
    at async <anonymous> (/workspaces/matmetrics/src/lib/file-storage.test.ts:1752:23)
    at async withTempDataDir (/workspaces/matmetrics/src/lib/file-storage.test.ts:66:5)
    at async TestContext.<anonymous> (/workspaces/matmetrics/src/lib/file-storage.test.ts:1714:5)
    at async Test.run (node:internal/test_runner/test:1113:7)
    at async Test.processPendingSubtests (node:internal/test_runner/test:788:7) {
  code: 'EACCES'
}
✔ findSessionFileById skips unreadable duplicates and returns the readable one (17.067416ms)
✔ findSessionFileById skips symlink year directories and continues scanning (8.275225ms)
✔ findSessionFileById skips symlink month directories and continues scanning (6.647617ms)
✔ findSessionFileById collects all matching paths before checking for duplicates (9.497357ms)
FIREBASE_SERVICE_ACCOUNT_KEY contains malformed JSON. SyntaxError: Expected property name or '}' in JSON at position 1 (line 1 column 2)
    at JSON.parse (<anonymous>)
    at parseServiceAccountKey (/workspaces/matmetrics/src/lib/firebase-admin.ts:60:19)
    at TestContext.<anonymous> (/workspaces/matmetrics/src/lib/firebase-admin.test.ts:142:22)
    at Test.runInAsyncScope (node:async_hooks:214:14)
    at Test.run (node:internal/test_runner/test:1106:25)
    at Test.start (node:internal/test_runner/test:1003:17)
    at TestContext.test (node:internal/test_runner/test:378:20)
    at TestContext.<anonymous> (/workspaces/matmetrics/src/lib/firebase-admin.test.ts:141:13)
    at async Test.run (node:internal/test_runner/test:1113:7)
    at async startSubtestAfterBootstrap (node:internal/test_runner/harness:358:3)
▶ parseServiceAccountKey table-driven behavior
  ✔ returns null for undefined input (0.802412ms)
  ✔ returns null for malformed JSON (3.985351ms)
  ✔ returns null when required fields are missing (0.175612ms)
  ✔ rejects non-string project_id (0.104902ms)
  ✔ rejects non-string client_email (0.111527ms)
  ✔ rejects non-string private_key (0.109178ms)
  ✔ rejects empty project_id after trimming (0.115544ms)
  ✔ rejects empty client_email after trimming (0.158667ms)
  ✔ rejects empty private_key after trimming (0.232039ms)
  ✔ tolerates extra fields and returns exact parsed shape (0.811205ms)
  ✔ rejects non-object JSON payload (0.069275ms)
  ✔ normalizes escaped private key newlines (0.09521ms)
  ✔ preserves already normalized private key newlines (0.110321ms)
✔ parseServiceAccountKey table-driven behavior (9.156139ms)
✔ getGitHubSessionPath encodes reserved characters and rejects oversized IDs (1.76472ms)
✔ findSessionPathOnGitHubById traverses directory listings when the tree is truncated (20.555495ms)
✔ findSessionPathOnGitHubById returns null when the branch ref is missing (0.679307ms)
✔ findSessionPathOnGitHubById does not reuse manifest entries across branches (2.308422ms)
✔ findSessionPathOnGitHubById evicts stale manifest entry and falls back to tree scan (0.965142ms)
✔ default branch refresh invalidates prior-branch manifest scope (5.032922ms)
✔ findSessionPathOnGitHubById surfaces non-404 GitHub errors (0.966736ms)
✔ bulkPushSessions reports README update failure after pushing session content (2.798479ms)
✔ createSessionOnGitHub treats an identical existing file as success (2.27947ms)
✔ updateSessionOnGitHub moves the file when the session date changes (2.839477ms)
✔ resolveBranch cache is isolated by token fingerprint (2.5396ms)
✔ default branch cache expires after TTL (2.497735ms)
✔ createSessionOnGitHub invalidates stale default branch cache and retries once on invalid ref write failure (1.395204ms)
✔ proxyGoFunction returns JSON payloads for JSON upstream errors (6.578134ms)
✔ proxyGoFunction returns plain text responses with status and key headers (1.21938ms)
✔ proxyGoFunction preserves empty non-JSON responses (0.755467ms)
✔ proxyGoFunction throws a controlled error for malformed MATMETRICS_GO_PROXY_BASE_URL (0.824375ms)
✔ guest workspace seeds demo data the first time guest mode initializes (2.476502ms)
✔ demo sessions fixture enforces stable product invariants (0.510906ms)
✔ guest workspace becomes importable after local edits and can be dismissed (6.056612ms)
✔ clearing guest workspace removes guest sessions and metadata (0.326355ms)
✔ action feedback controller eventually transitions success and error to idle (1.467267ms)
✔ error reset is scheduled later than success reset (0.337296ms)
✔ reset() and dispose() cancel pending idle resets (0.338863ms)
✔ EOF without trailing newline preserves notes text (4.169649ms)
✔ CRLF and mixed newline parsing preserve sections (1.337038ms)
✔ Roundtrip preserves techniques/description/notes (1.607504ms)
✔ Roundtrip preserves videoUrl when present (0.902265ms)
✔ sessionToMarkdown writes videoUrl in frontmatter when present (0.492543ms)
✔ markdownToSession reads videoUrl from frontmatter when present (0.399669ms)
✔ markdown without videoUrl still parses (0.428793ms)
✔ serializer always emits description and notes headings (0.233789ms)
✔ title may differ from frontmatter and still parse (0.458141ms)
✔ Description and notes preserve embedded "## " strings in paragraphs (0.441279ms)
✔ Description and notes preserve fenced code blocks with "## " lines (0.297587ms)
✔ title must still be a level-1 heading (0.684699ms)
✔ invalid date frontmatter values are rejected (0.225771ms)
✔ invalid effort frontmatter values are rejected (0.211898ms)
✔ invalid category frontmatter values are rejected (0.244872ms)
✔ invalid duration frontmatter values are rejected (0.291497ms)
✔ videoUrl SSRF-protected hosts are rejected (1.849036ms)
✔ videoUrl with public hosts is allowed (0.855537ms)
✔ missing each required section is rejected (0.474449ms)
✔ required headings only inside fenced code blocks are rejected (0.258733ms)
✔ fully valid canonical markdown passes required section validation (0.21508ms)
Plugin runtime warning {
  code: 'dashboard_tab_renderer_unresolved',
  severity: 'warning',
  path: 'plugins.missing-renderer-plugin.uiExtensions.missing-renderer-extension.config.component',
  message: 'Dashboard tab component "unknown_component" is not registered to a renderer.',
  pluginId: 'missing-renderer-plugin',
  extensionId: 'missing-renderer-extension',
  componentId: 'unknown_component'
}
Plugin runtime warning {
  code: 'dashboard_tab_missing_capability',
  severity: 'warning',
  path: 'plugins.missing-capability-plugin.capabilities',
  message: 'Dashboard extension "tag-manager-dashboard-tab" requires capability "tag_mutation" and was not rendered.',
  pluginId: 'missing-capability-plugin',
  extensionId: 'tag-manager-dashboard-tab'
}
✔ maps dashboard tab extension fixture into plugin tab metadata (157.590273ms)
✔ integration: loadEnabledDashboardTabExtensions wires into tab mapping (3.999989ms)
✔ core tabs no longer include prompt settings (0.222133ms)
✔ plugins is the last core navigation item (0.162939ms)
✔ resolves plugin tab when renderer is registered in the registry (0.351985ms)
✔ captures structured runtime warning when plugin component cannot be resolved (1.341187ms)
✔ captures runtime warning and skips tab when required capability is missing (0.554477ms)
Plugin runtime warning {
  code: 'dashboard_tab_design_token_variants_missing',
  severity: 'warning',
  path: 'plugins.wide-plugin.uiContract.designTokenVariants',
  message: 'Dashboard extension "wide-extension" should declare uiContract.designTokenVariants to document shared token usage and prevent style drift.',
  pluginId: 'wide-plugin',
  extensionId: 'wide-extension'
}
✔ awaits async plugin init before resolving renderers to avoid timing warnings (6.154873ms)
✔ wraps plugin tab renderer in wide layout surface when uiContract.layoutVariant is wide (7.830447ms)
✔ emits runtime warning when required UX state helpers are missing from plugin render tree (1.051393ms)
✔ emits runtime warning when uiContract.designTokenVariants is missing for a dashboard tab (0.487906ms)
✔ blocks hostname policy for localhost and local domains (1.008222ms)
✔ blocks URL bypass targets across ipv4 and ipv6 (0.697966ms)
✔ blocks additional private and internal address families (0.394952ms)
✔ allows public internet hosts and addresses (0.242726ms)
✔ treats malformed ip literals as blocked (0.231646ms)
✔ handles valid expanded and compressed ipv6 addresses (1.125463ms)
✔ autoDisablePluginIfNeeded - returns manifest unchanged if no issues (65.938976ms)
✔ autoDisablePluginIfNeeded - disables plugin with missing capabilities (2.644816ms)
✔ autoDisablePluginIfNeeded - disables plugin with version mismatch (1.880929ms)
✔ autoDisablePluginIfNeeded - respects already disabled plugins (1.715357ms)
✔ autoDisablePluginIfNeeded - handles non-object manifests gracefully (1.490905ms)
✔ toValidationTable skips runtime renderer checks by default (server-safe) (9.671665ms)
✔ server-side validation files avoid static bootstrap import chains (5.121848ms)
✔ returns required capability for extension types covered by policy (0.852978ms)
✔ returns null for malformed extension config shape (0.217997ms)
✔ returns null for unknown ids and unknown extension types (0.133972ms)
✔ discoverEnabledDashboardTabExtensions returns empty list when no plugins exist (44.469929ms)
✔ discoverEnabledDashboardTabExtensions returns one extension for one valid plugin (8.443647ms)
✔ discoverEnabledDashboardTabExtensions skips invalid plugin manifests (4.949269ms)
✔ discoverEnabledDashboardTabExtensions ignores disabled plugins (3.506846ms)
✔ discoverEnabledDashboardTabExtensions applies enabled overrides over manifest defaults (3.249262ms)
▶ EvidenceAccumulator
  ✔ should initialize empty (1.37675ms)
  ✔ should add category scores (0.217751ms)
  ✔ should calculate total score from category scores (0.153793ms)
  ✔ should add evidence for categories (0.165193ms)
  ✔ should add multiple evidence entries for same category (0.144372ms)
  ✔ should add reasons by category (0.194129ms)
  ✔ should override previous reason when adding new reason for same category (0.109302ms)
  ✔ should add next actions (0.161578ms)
  ✔ should not duplicate next actions (0.161125ms)
  ✔ should provide final summary (0.442492ms)
  ✔ should handle all category types (0.169844ms)
  ✔ should provide safe immutability on reads (0.159471ms)
✔ EvidenceAccumulator (5.5779ms)
✔ github-sync initPlugin tolerates missing runtime registration hooks (1.05358ms)
✔ github-sync runtime wiring registers a renderer that returns GitHubSettings (0.676096ms)
✔ loadDashboardTabExtensions uses discovery API response when available (23.541524ms)
✔ loadDashboardTabExtensions falls back to local registry when discovery fails (0.595082ms)
✔ loadDashboardTabExtensions logs API error payload before falling back (0.793406ms)
✔ loadDashboardTabExtensions legacy fallback respects enabled filtering (698.536681ms)
▶ maturity-config
  ▶ MATURITY_PRIMITIVES
    ✔ should define UI state primitives (0.8498ms)
    ✔ should define PluginPageShell primitive (0.192522ms)
    ✔ should define section primitives (0.107061ms)
    ✔ should define destructive action primitives (0.091844ms)
    ✔ should define data surface primitives (0.153236ms)
    ✔ should provide helper method to get primitives by source (0.680049ms)
    ✔ should provide helper method to find source of primitive name (0.219226ms)
    ✔ should provide helper method to check if primitive is a UI state (0.139655ms)
    ✔ should return null for unknown source in getPrimitivesBySource (0.131469ms)
    ✔ should return null for unknown primitive in getSourceOfPrimitive (0.236282ms)
  ✔ MATURITY_PRIMITIVES (3.809976ms)
✔ maturity-config (4.159531ms)
▶ Maturity Scoring Integration
  ▶ Config + Accumulator + Evaluator
    ✔ should handle complete Bronze->Silver->Gold tier progression (0.932268ms)
    ✔ should use primitives registry in evidence collection (0.262739ms)
    ✔ should accumulate complete scoring snapshot (0.238028ms)
  ✔ Config + Accumulator + Evaluator (2.134874ms)
  ▶ Primitives helper methods
    ✔ should identify UI states correctly (0.17838ms)
    ✔ should resolve primitive sources for evidence linking (0.238563ms)
  ✔ Primitives helper methods (1.487969ms)
✔ Maturity Scoring Integration (4.086592ms)
✔ scorePluginMaturity returns Bronze for minimally documented plugin (14.560906ms)
✔ scorePluginMaturity caps plugin at Bronze when capability warning exists (6.882428ms)
✔ scorePluginMaturity returns Silver for a fully documented and tested first-party plugin (12.122582ms)
✔ scorePluginMaturity requires explicit manifest gold tier for Gold promotion (13.71685ms)
✔ scorePluginMaturity blocks Gold when evidence is heuristic-only even if review tier is gold (9.320429ms)
✔ scorePluginMaturity blocks Gold when support docs are missing (5.363766ms)
✔ scorePluginMaturity awards feature-quality points for test-asserted UX states even with different implementation text (6.498716ms)
✔ scorePluginMaturity does not require undeclared error/empty criteria when policy gates relevance (6.191116ms)
✔ scorePluginMaturity ignores keyword-only UX matches when no criterion is relevant (7.459603ms)
✔ scorePluginMaturity still warns when declared error criterion lacks test assertion evidence (6.031596ms)
✔ scorePluginMaturity preserves destructive-action relevance gating when no signal marks it relevant (8.649875ms)
✔ scorePluginMaturity does not warn when manifest component matches plugin registration and file (7.503677ms)
✔ scorePluginMaturity static scan matches optional/non-optional and spacing variants for registerPluginComponent (14.938785ms)
✔ scorePluginMaturity warns when manifest component is missing from plugin registration (3.497362ms)
✔ scorePluginMaturity accepts runtime registration without local/shared component files (3.583366ms)
✔ scorePluginMaturity accepts plugin-local component files as component evidence (7.49417ms)
✔ scorePluginMaturity warns when declared component has no local, shared, or runtime evidence (4.041105ms)
✔ scorePluginMaturity counts src/lib/tags/service.test.ts as evidence for tag-manager (7.681367ms)
✔ scorePluginMaturity accepts explicit ux evidence without heuristic keywords in tests (6.654836ms)
✔ scorePluginMaturity exposes heuristic verification details when explicit evidence is absent (8.290198ms)
✔ runPluginContractGate passes when entrypoint, component, and README checks succeed (10.398872ms)
✔ runPluginContractGate fails when required files and sections are missing (3.237037ms)
✔ runPluginContractGate accepts explicit runtime registration from src/index.ts (3.854268ms)
✔ runPluginContractGate emits non-blocking warning when packaged runtime lacks source artifacts (2.323906ms)
✔ runPluginContractGate accepts README heading contracts for plugin operation docs (6.138819ms)
✔ runPluginContractGate fails when entrypoint imports plugin UI from shared src/components (4.966385ms)
✔ getPluginManagerAccessState requires auth configuration before plugin access (1.022192ms)
✔ normalizeInstalledPluginRows keeps only valid manifest rows (0.395732ms)
✔ normalizeInstalledPluginRows keeps maturity when contract gate errors exist (0.250769ms)
✔ fetchInstalledPlugins adds auth headers and parses valid plugin rows (24.117451ms)
✔ fetchInstalledPlugins ignores non-string maturity metadata values (0.621708ms)
✔ fetchInstalledPlugins surfaces API error payloads for auth failures (1.060973ms)
✔ toggleInstalledPlugin sends auth headers and toggle payload (10.902595ms)
✔ published maturity scorecard artifact matches current manifest evidence (44.579496ms)
✔ published plugin UI migration artifact matches current plugin entrypoint usage (15.676474ms)
✔ validateManifestComponentRenderers resolves declared github-sync component id (614.764466ms)
✔ validateManifestComponentRenderers flags unresolved component id predictably (0.433289ms)
✔ persistPluginEnabledOverride stores and loads overrides in auth test mode (2.576258ms)
✔ persistPluginEnabledOverride rejects when firebase admin is unavailable outside test mode (1.041447ms)
✔ applyPluginEnabledOverrides changes enabled state only when an override exists (0.334052ms)
✔ tag-manager manifest contract includes required runtime fields (2.075807ms)
✔ tag-manager initPlugin wires register and registerPluginComponent (0.424823ms)
✔ tag-manager renderer returns TagManager and forwards refreshSessions as onRefresh (0.707233ms)
✔ tag-manager dashboard renderer resolves after plugin bootstrap (172.135434ms)
▶ TierEvaluator
  ▶ Bronze tier
    ✔ should promote to Bronze tier with low scores (0.838645ms)
    ✔ should assign Bronze tier as default when score below Silver threshold (0.301702ms)
  ✔ Bronze tier (2.02484ms)
  ▶ Silver tier
    ✔ should promote to Silver tier with sufficient scores (0.273783ms)
    ✔ should require total score >= 70 for Silver (0.184412ms)
    ✔ should stay Silver if any category is 0 (0.144254ms)
  ✔ Silver tier (0.864426ms)
  ▶ Gold tier
    ✔ should promote to Gold tier with high explicit evidence (0.2967ms)
    ✔ should require total score >= 85 for Gold (1.255823ms)
    ✔ should not promote to Gold without explicit evidence (0.191228ms)
    ✔ should not promote to Gold if any critical category is missing evidence (0.14397ms)
  ✔ Gold tier (2.214191ms)
  ▶ Edge cases
    ✔ should handle missing evidence gracefully (0.265535ms)
    ✔ should handle empty scores (0.127719ms)
    ✔ should handle partial evidence (0.199334ms)
  ✔ Edge cases (0.738975ms)
✔ TierEvaluator (6.43719ms)
✔ valid manifest passes with no issues (3.464944ms)
✔ invalid manifest reports normalized errors with paths and severity (1.000617ms)
✔ unknown extension type is warning by default (0.271913ms)
✔ unknown extension type can be explicitly accepted as experimental (0.310913ms)
✔ sensitive extension without required capability returns warning (0.263555ms)
✔ unknown capability returns warning (0.207242ms)
✔ known capability declaration passes without warnings (0.225813ms)
✔ video audit capability declaration passes without warnings (0.211929ms)
✔ manifest accepts optional first-party metadata and maturity metadata (0.761143ms)
✔ plugin with acceptable minVersion passes (0.529563ms)
✔ plugin with too-high minVersion returns warning (0.265682ms)
✔ plugin without explicit minVersion passes regardless of version (0.229255ms)
✔ runtime component renderer checks run only when explicitly enabled (686.05425ms)
✔ manifest accepts uiContract metadata (0.535675ms)
✔ malformed uiContract is rejected (0.801407ms)
✔ uiContract designTokenVariants reject unknown underscore token keys (0.342634ms)
✔ uiContract designTokenVariants warn on explicit legacy migration mappings (0.378934ms)
✔ compareVersions - compares semantic versions correctly (0.77551ms)
✔ compareVersions - handles missing patch versions (0.177441ms)
✔ meetsMinimumVersion - returns true when version meets or exceeds minimum (0.12494ms)
✔ meetsMinimumVersion - returns false when version is below minimum (0.093146ms)
✔ meetsMinimumVersion - handles real-world version scenarios (0.156932ms)
✔ parseChangelog parses releases in descending order (2.60384ms)
✔ getRecentReleasesFromSource returns the latest three releases (0.356079ms)
✔ parseChangelog rejects unsupported section labels (0.569686ms)
✔ parseChangelog rejects invalid release dates (0.207076ms)
✔ assertReleaseVersionConsistency rejects mismatched versions (0.307711ms)
Failed to verify Firebase ID token Error: Invalid test token
    at verifyToken (/workspaces/matmetrics/src/lib/server-auth.ts:32:13)
    at requireAuthenticatedUser (/workspaces/matmetrics/src/lib/server-auth.ts:71:18)
    at <anonymous> (/workspaces/matmetrics/src/lib/server-auth.test.ts:140:28)
    at withEnv (/workspaces/matmetrics/src/lib/server-auth.test.ts:35:11)
    at TestContext.<anonymous> (/workspaces/matmetrics/src/lib/server-auth.test.ts:137:9)
    at Test.runInAsyncScope (node:async_hooks:214:14)
    at Test.run (node:internal/test_runner/test:1106:25)
    at Test.processPendingSubtests (node:internal/test_runner/test:788:18)
    at Test.postRun (node:internal/test_runner/test:1235:19)
    at Test.run (node:internal/test_runner/test:1163:12)
✔ test env + MATMETRICS_AUTH_TEST_MODE accepts valid Bearer authorization (6.983209ms)
✔ non-test env + MATMETRICS_AUTH_TEST_MODE rejects shortcut and uses normal auth path (11.497867ms)
✔ normal auth path unchanged when test mode is disabled (3.02513ms)
✔ requireAuthenticatedUser rejects malformed authorization header variants (4.851415ms)
✔ requireAuthenticatedUser rejects invalid test-mode token in test env (18.029735ms)
✔ resolveAuthorizedGitHubConfig treats null and undefined missing-state inputs identically (1.737115ms)
✔ resolveAuthorizedGitHubConfig allows omitted requested branch when stored branch is present (0.565604ms)
✔ resolveAuthorizedGitHubConfig rejects explicit mismatched branch (2.458794ms)
[CORRUPT] Skipping GitHub session file at data/2025/03/20250315-matmetrics-broken-session.md: Missing or invalid "id" in frontmatter
✔ listSessionsFromGitHub includes modern and legacy matmetrics session markdown paths (31.244213ms)
✔ scanSessionsFromGitHub returns sessions and file-level issues for mixed-validity repositories (2.403596ms)
✔ listSessionsFromGitHub preserves legacy behavior by returning valid sessions only (2.537012ms)
✔ scanSessionsFromGitHub bounds concurrent GitHub file reads (58.896174ms)
✔ scanSessionsFromGitHub retries retryable GitHub read failures before read_failed (2.125439ms)
✔ normalizeGitHubConfig rejects owner names longer than 39 characters (0.351388ms)
✔ normalizeGitHubConfig accepts repo names up to 100 characters (0.253675ms)
✔ normalizeGitHubConfig rejects invalid owner/repo traversal and control characters (0.197749ms)
✔ session-storage error helpers classify typed local storage errors (0.432241ms)
▶ TS validator matches shared fixtures
  ✔ valid (1.15772ms)
  ✔ bad date format (0.183192ms)
  ✔ bad date real (0.085243ms)
  ✔ bad effort (0.10213ms)
  ✔ bad category (0.073199ms)
  ✔ empty technique (0.089487ms)
  ✔ negative duration (0.121321ms)
  ✔ bad protocol (0.188611ms)
  ✔ private video host (0.369186ms)
  ✔ whitespace video allowed (0.223707ms)
✔ TS validator matches shared fixtures (4.218501ms)
▶ sync-lease module
  ▶ randomBackoffMs
    ✔ returns a value within expected range (0.747182ms)
    ✔ maps injected random values to deterministic boundaries (0.176097ms)
  ✔ randomBackoffMs (1.610125ms)
  ▶ randomVerifyDelayMs
    ✔ returns a value within expected range (0.309448ms)
  ✔ randomVerifyDelayMs (0.510554ms)
  ▶ createSyncLeaseNonce
    ✔ creates unique nonces (0.52599ms)
    ✔ creates strings (0.189927ms)
  ✔ createSyncLeaseNonce (1.194096ms)
  ▶ getNextSyncLeaseEpoch
    ✔ returns increasing epochs (0.165798ms)
    ✔ ensures epoch is not less than current timestamp (0.218944ms)
  ✔ getNextSyncLeaseEpoch (0.712258ms)
  ▶ readSyncLease
    ✔ returns null when no lease exists (0.144991ms)
    ✔ parses a valid lease from localStorage (0.895913ms)
  ✔ readSyncLease (1.388937ms)
  ▶ releaseSyncLease
    ✔ does not remove persisted lease when local active lease is stale (0.258544ms)
  ✔ releaseSyncLease (0.425776ms)
  ▶ tryAcquireSyncLease
    ✔ forces reclaim after stable observations of a live competing lease (1.093006ms)
    ✔ backs off without reclaiming while competing lease keeps changing (0.5689ms)
  ✔ tryAcquireSyncLease (1.926119ms)
✔ sync-lease module (8.819411ms)
✔ queueOperation timestamps operations and preserves insertion order (19.610001ms)
✔ queueOperation uses persisted last queuedAt to recover from stale in-memory state (11.800497ms)
✔ queueOperation remains strictly monotonic across interleaved two-tab writes (17.060021ms)
✔ setQueue preserves a newer concurrent operation with the same identity (2.641527ms)
✔ clearQueue keeps a newer concurrent operation instead of deleting it (6.760175ms)
✔ setQueue retains concurrent operations that share queuedAt with stale base snapshots (1.952424ms)
✔ concurrent create and update with identical queuedAt coalesce deterministically (2.753292ms)
✔ setQueue deterministically keeps one equal-timestamp concurrent update for the same identity (4.981907ms)
✔ clearQueue removes the persisted storage key when there is no concurrent work (3.94972ms)
✔ clearQueue keeps concurrent operations when queuedAt matches stale base snapshot (2.9585ms)
✔ malformed JSON is quarantined and cleared on first read (0.581266ms)
✔ subsequent reads after malformed JSON return stable empty queue without repeated parse warnings (1.048035ms)
✔ storage lease heartbeat renews during long-running critical section (55.730929ms)
✔ lease expires and competing tab can re-acquire while original action is still running (52.22935ms)
✔ stale owner commit is prevented after lease expiry and competing re-acquire (5.439985ms)
✔ identity-based removal succeeds under concurrent writes where index-based removal fails (8.188058ms)
✔ coalesces create then update into create with latest payload (5.168916ms)
✔ coalesces create then delete into no-op (2.960271ms)
✔ coalesces update then delete into delete (6.551706ms)
✔ coalesces delete then create into recreate create (4.911224ms)
✔ coalesces delete then create then update into create with latest payload (5.01166ms)
✔ coalesces delete then update into create to avoid missing-record updates (2.871064ms)
✔ getQueue keeps valid operations when persisted array has corrupt entries (0.322428ms)
✔ getQueue clears storage and warns when all persisted entries are invalid (0.341709ms)
✔ concurrent queueOperation calls do not drop operations across identities (42.311099ms)
✔ concurrent mixed mutators retain union of writes under lease (17.335908ms)
✔ rename returns a case conflict when target casing already exists (9.423187ms)
✔ rename to existing tag returns a conflict instead of mutating sessions (0.235524ms)
✔ merge into same tag returns conflict and performs no updates (0.31812ms)
✔ delete nonexistent tag returns conflict and supports dry-run (1.341547ms)
✔ analysis APIs return accurate impact details for representative datasets (0.735978ms)
✔ rename stops on first failed session update and reports failed ids (0.423586ms)
✔ plugin severity tones map to semantic utility classes (1.159331ms)
✔ plugin maturity tiers map to semantic trend classes (0.185864ms)
✔ dashboard category bars resolve to chart palette token order (0.189827ms)
✔ video library defaults include technical expected category (1.225885ms)
✔ normalizeExpectedVideoCategories keeps valid categories in canonical order (0.270727ms)
✔ normalizeExpectedVideoCategories falls back to default when invalid or empty (0.141617ms)
✔ date-only helpers preserve calendar semantics without timezone drift (8.099046ms)
✔ formatLocalDateInputValue uses local calendar components (0.242214ms)
✔ formatLocalDateInputValue zero-pads single-digit month/day values (0.194458ms)
✔ formatLocalDateInputValue stays stable near midnight local boundaries (0.170124ms)
✔ formatLocalDateInputValue remains stable across timezone-offset transition days (0.782619ms)
✔ parseDateOnly returns an invalid date object for malformed input (0.116551ms)
✔ normalizeVideoDomainInput accepts bare hostnames only (3.508717ms)
✔ getAllowedVideoDomains merges starter and custom domains (2.055321ms)
✔ matchesAllowedVideoDomain supports exact and subdomain suffix matches (0.222967ms)
✔ deriveVideoLibraryEntries classifies missing, allowed, and disallowed domains (0.99337ms)
✔ deriveVideoLibraryEntries and API hostname policy classify hosts identically (1.053095ms)
✔ reconcileVideoLinkChecks drops stale entries when session URL changes or becomes invalid (0.426208ms)
✔ reconcileVideoLinkChecks invalidates disallowed-domain snapshots when custom allowlist changes (1.301707ms)
✔ deriveVideoLibraryRows merges persisted latest checks and review state (0.959517ms)
✔ resolveVideoThumbnailUrl parses youtube URLs deterministically (0.268786ms)
✔ rows keep unknown providers as valid items and use thumbnail fallback (0.340615ms)
✔ filterVideoLibraryRows respects tab, search, status, and checked filters (1.231406ms)
✔ getVideoLibraryTabCounts returns grouped counts (0.461158ms)
✔ no-video tab/count only include categories marked as expected (0.932075ms)
✔ getVideoDomainRemovalImpact counts sessions that would become disallowed (0.441241ms)
✔ mergeVideoLinkCheckResults and equality helper support persisted updates (0.31068ms)
✔ discovered dashboard tabs route is force-dynamic and no-store (17.748676ms)
✔ discovered dashboard tabs route reflects enabled overrides (7.550575ms)
✔ GET /api/plugins/list returns manifests and contract payload (27.636075ms)
✔ GET /api/plugins/list surfaces plugin contract gate violations (5.34172ms)
✔ GET /api/plugins/list treats packaged artifact-unavailable contract checks as non-blocking (5.427186ms)
✔ POST /api/plugins/toggle persists enabled override without mutating plugin.json (6.402688ms)
✔ plugin create/update routes are deprecated and return disabled responses (2.465402ms)
✔ GET /api/plugins/list returns current maturity scores for bundled plugins (35.971793ms)
✔ POST /api/plugins/validate returns contract gate violations (4.510735ms)
Error processing plugin "tags" in /api/plugins/list: Simulated plugin contract gate failure
✔ GET /api/plugins/list continues when one plugin contract gate throws (9.245631ms)
Error processing plugin "tags" in /api/plugins/validate: Simulated plugin contract gate failure
✔ POST /api/plugins/validate continues when one plugin contract gate throws (5.619312ms)
✔ deprecated create/update routes do not mutate plugin manifests (7.25268ms)
✔ GET recent releases returns the latest three releases and current version (9.765694ms)
✔ POST persists the session to local markdown storage when GitHub is not configured (23.773927ms)
✔ POST returns 500 when GitHub create fails in primary mode (2.223991ms)
✔ POST uses stored GitHub config when body omits gitHubConfig (1.136756ms)
✔ POST returns 403 when request GitHub repo does not match user preferences (1.090355ms)
✔ POST returns 409 for duplicate session ID conflicts with different content (10.539907ms)
▶ POST returns 400 when request JSON is not an object
  ✔ null (0.514206ms)
  ✔ string (0.533067ms)
  ✔ number (0.666211ms)
✔ POST returns 400 when request JSON is not an object (2.264688ms)
▶ POST returns 400 for invalid session payload fields
  ✔ id number (0.663838ms)
  ✔ id object (0.352412ms)
  ✔ id empty string (0.345441ms)
  ✔ id with invalid characters (0.26787ms)
  ✔ id exceeds max length (0.377384ms)
  ✔ techniques element type (0.419989ms)
  ✔ date string (0.318672ms)
  ✔ duration type (0.328973ms)
  ✔ effort integer (0.287567ms)
  ✔ description type (0.444709ms)
  ✔ videoUrl type (0.400979ms)
  ✔ videoUrl invalid url (0.305943ms)
  ✔ videoUrl unsupported protocol (0.333032ms)
  ✔ videoUrl private network host (0.592936ms)
  ✔ videoUrl blocks loopback alias 127.0.0.2 (0.638185ms)
  ✔ videoUrl blocks ipv6 loopback ::1 (0.771487ms)
  ✔ videoUrl blocks mapped ipv4 loopback (0.700573ms)
  ✔ videoUrl blocks ipv4 link-local range (0.550411ms)
✔ POST returns 400 for invalid session payload fields (9.458435ms)
✔ POST treats empty string videoUrl as undefined (23.556026ms)
✔ POST treats whitespace-only videoUrl as undefined (3.887725ms)
✔ POST accepts valid videoUrl and includes it in created session (5.895735ms)
✔ POST returns 401 when authorization header is missing (0.413308ms)
✔ GET returns 404 when session does not exist (13.114981ms)
✔ GET returns the local markdown session when present (15.67484ms)
✔ GET returns local session videoUrl when present (7.626167ms)
✔ PUT updates local markdown storage when GitHub is not configured (16.314759ms)
✔ PUT updates local markdown storage when body omits id (13.054836ms)
✔ PUT returns 409 when local storage has duplicate files for the same session ID (6.673814ms)
✔ PUT returns 500 when GitHub update fails in primary mode (2.387236ms)
✔ PUT uses stored GitHub config when body omits gitHubConfig (1.088826ms)
✔ DELETE removes the local markdown session when GitHub is not configured (12.356463ms)
✔ DELETE returns 409 when local storage has duplicate files for the same session ID (12.575201ms)
✔ DELETE proxies Go validation error when id is empty after trim (0.820728ms)
✔ DELETE returns 500 when GitHub delete fails in primary mode (0.582575ms)
✔ DELETE uses stored GitHub config when body omits gitHubConfig (0.55099ms)
✔ DELETE returns 400 when request body contains malformed JSON (0.405874ms)
✔ GET returns 403 when query repo does not match user preferences (0.47807ms)
✔ PUT returns 403 when body repo does not match user preferences (0.490623ms)
✔ DELETE returns 403 when body repo does not match user preferences (0.392552ms)
▶ PUT returns 400 when request body is not a JSON object
  ✔ null (0.336866ms)
  ✔ string primitive (0.264398ms)
  ✔ number primitive (0.375244ms)
  ✔ boolean primitive (0.306809ms)
  ✔ array (0.283212ms)
✔ PUT returns 400 when request body is not a JSON object (2.089ms)
▶ PUT returns 400 for invalid session payload fields
  ✔ missing techniques field (0.413521ms)
  ✔ id mismatch (0.312602ms)
  ✔ techniques element type (0.374346ms)
  ✔ date string (0.471978ms)
  ✔ duration type (0.64028ms)
  ✔ effort integer (0.499877ms)
  ✔ notes type (0.428079ms)
  ✔ videoUrl type (1.09873ms)
  ✔ videoUrl invalid url (0.870271ms)
  ✔ videoUrl unsupported protocol (0.452312ms)
  ✔ videoUrl private network host (0.498505ms)
  ✔ videoUrl blocks loopback alias 127.0.0.2 (0.421371ms)
  ✔ videoUrl blocks ipv6 loopback ::1 (0.794163ms)
  ✔ videoUrl blocks mapped ipv4 loopback (0.918113ms)
  ✔ videoUrl blocks ipv4 link-local range (0.547572ms)
✔ PUT returns 400 for invalid session payload fields (10.193957ms)
✔ PUT treats empty string videoUrl as undefined (44.37849ms)
✔ PUT treats whitespace-only videoUrl as undefined (16.838662ms)
✔ PUT accepts valid videoUrl and includes it in updated session (11.439434ms)
✔ GET list returns local sessions when no GitHub config is requested (48.266986ms)
✔ GET list returns 403 when requested repo does not match user preferences (2.005701ms)
✔ POST requires authentication (6.308439ms)
✔ POST reports disallowed domains without making outbound requests (18.742104ms)
✔ POST falls back to GET when HEAD is rejected (7.60046ms)
✔ POST classifies remote failures as check_failed (6.911841ms)
✔ POST blocks redirect from allowed domain to private network host (6.899534ms)
✔ POST returns row-friendly per-session payloads for mixed result sets (18.017071ms)
✔ POST limits processed sessions and includes truncation metadata when sessionIds are omitted (297.225462ms)
✔ POST checks links with bounded concurrency (222.610362ms)
ℹ tests 606
ℹ suites 14
ℹ pass 606
ℹ fail 0
ℹ cancelled 0
ℹ skipped 0
ℹ todo 0
ℹ duration_ms 51223.326486
Failed to read Firebase ID token Error: Firebase client configuration is missing
    at getFirebaseApp (/workspaces/matmetrics/src/lib/firebase-client.ts:41:11)
    at getFirebaseAuth (/workspaces/matmetrics/src/lib/firebase-client.ts:48:18)
    at getCurrentIdToken (/workspaces/matmetrics/src/lib/auth-session.ts:5:25)
    at getAuthHeaders (/workspaces/matmetrics/src/lib/auth-session.ts:16:23)
    at saveSession (/workspaces/matmetrics/src/lib/storage.ts:805:29)
    at TestContext.<anonymous> (/workspaces/matmetrics/src/lib/storage.test.ts:211:27)
    at Test.runInAsyncScope (node:async_hooks:214:14)
    at Test.run (node:internal/test_runner/test:1106:25)
    at Test.start (node:internal/test_runner/test:1003:17)
    at startSubtestAfterBootstrap (node:internal/test_runner/harness:358:17)
Failed to read Firebase ID token Error: Firebase client configuration is missing
    at getFirebaseApp (/workspaces/matmetrics/src/lib/firebase-client.ts:41:11)
    at getFirebaseAuth (/workspaces/matmetrics/src/lib/firebase-client.ts:48:18)
    at getCurrentIdToken (/workspaces/matmetrics/src/lib/auth-session.ts:5:25)
    at getAuthHeaders (/workspaces/matmetrics/src/lib/auth-session.ts:16:23)
    at <anonymous> (/workspaces/matmetrics/src/lib/storage.ts:1317:29)
    at refreshSessionsFromAPI (/workspaces/matmetrics/src/lib/storage.ts:1362:3)
    at getSessions (/workspaces/matmetrics/src/lib/storage.ts:743:12)
    at TestContext.<anonymous> (/workspaces/matmetrics/src/lib/storage.test.ts:212:7)
    at Test.runInAsyncScope (node:async_hooks:214:14)
    at Test.run (node:internal/test_runner/test:1106:25)
Failed to read Firebase ID token Error: Firebase client configuration is missing
    at getFirebaseApp (/workspaces/matmetrics/src/lib/firebase-client.ts:41:11)
    at getFirebaseAuth (/workspaces/matmetrics/src/lib/firebase-client.ts:48:18)
    at getCurrentIdToken (/workspaces/matmetrics/src/lib/auth-session.ts:5:25)
    at getAuthHeaders (/workspaces/matmetrics/src/lib/auth-session.ts:16:23)
    at <anonymous> (/workspaces/matmetrics/src/lib/storage.ts:1317:29)
    at refreshSessionsFromAPI (/workspaces/matmetrics/src/lib/storage.ts:1362:3)
    at getSessions (/workspaces/matmetrics/src/lib/storage.ts:743:12)
    at TestContext.<anonymous> (/workspaces/matmetrics/src/lib/storage.test.ts:216:9)
    at async Test.run (node:internal/test_runner/test:1113:7)
    at async startSubtestAfterBootstrap (node:internal/test_runner/harness:358:3)
✔ stale refresh does not overwrite an optimistic create while the create request is in flight (28.093683ms)
Failed to read Firebase ID token Error: Firebase client configuration is missing
    at getFirebaseApp (/workspaces/matmetrics/src/lib/firebase-client.ts:41:11)
    at getFirebaseAuth (/workspaces/matmetrics/src/lib/firebase-client.ts:48:18)
    at getCurrentIdToken (/workspaces/matmetrics/src/lib/auth-session.ts:5:25)
    at getAuthHeaders (/workspaces/matmetrics/src/lib/auth-session.ts:16:23)
    at <anonymous> (/workspaces/matmetrics/src/lib/storage.ts:1317:29)
    at refreshSessionsFromAPI (/workspaces/matmetrics/src/lib/storage.ts:1362:3)
    at Timeout.<anonymous> (/workspaces/matmetrics/src/lib/storage.ts:300:10)
    at listOnTimeout (node:internal/timers:605:17)
    at process.processTimers (node:internal/timers:541:7)
Failed to read Firebase ID token Error: Firebase client configuration is missing
    at getFirebaseApp (/workspaces/matmetrics/src/lib/firebase-client.ts:41:11)
    at getFirebaseAuth (/workspaces/matmetrics/src/lib/firebase-client.ts:48:18)
    at getCurrentIdToken (/workspaces/matmetrics/src/lib/auth-session.ts:5:25)
    at getAuthHeaders (/workspaces/matmetrics/src/lib/auth-session.ts:16:23)
    at saveSession (/workspaces/matmetrics/src/lib/storage.ts:805:29)
    at TestContext.<anonymous> (/workspaces/matmetrics/src/lib/storage.test.ts:298:13)
    at Test.runInAsyncScope (node:async_hooks:214:14)
    at Test.run (node:internal/test_runner/test:1106:25)
    at Test.processPendingSubtests (node:internal/test_runner/test:788:18)
    at Test.postRun (node:internal/test_runner/test:1235:19)
Failed to read Firebase ID token Error: Firebase client configuration is missing
    at getFirebaseApp (/workspaces/matmetrics/src/lib/firebase-client.ts:41:11)
    at getFirebaseAuth (/workspaces/matmetrics/src/lib/firebase-client.ts:48:18)
    at getCurrentIdToken (/workspaces/matmetrics/src/lib/auth-session.ts:5:25)
    at getAuthHeaders (/workspaces/matmetrics/src/lib/auth-session.ts:16:23)
    at saveSession (/workspaces/matmetrics/src/lib/storage.ts:805:29)
    at TestContext.<anonymous> (/workspaces/matmetrics/src/lib/storage.test.ts:299:13)
    at async Test.run (node:internal/test_runner/test:1113:7)
    at async Test.processPendingSubtests (node:internal/test_runner/test:788:7)
✔ getSessions does not repeatedly refresh GitHub-backed data while cache is warm (7.070768ms)
Failed to read Firebase ID token Error: Firebase client configuration is missing
    at getFirebaseApp (/workspaces/matmetrics/src/lib/firebase-client.ts:41:11)
    at getFirebaseAuth (/workspaces/matmetrics/src/lib/firebase-client.ts:48:18)
    at getCurrentIdToken (/workspaces/matmetrics/src/lib/auth-session.ts:5:25)
    at getAuthHeaders (/workspaces/matmetrics/src/lib/auth-session.ts:16:23)
    at <anonymous> (/workspaces/matmetrics/src/lib/storage.ts:1317:29)
    at refreshSessionsFromAPI (/workspaces/matmetrics/src/lib/storage.ts:1362:3)
    at Timeout.<anonymous> (/workspaces/matmetrics/src/lib/storage.ts:300:10)
    at listOnTimeout (node:internal/timers:605:17)
    at process.processTimers (node:internal/timers:541:7)
Failed to read Firebase ID token Error: Firebase client configuration is missing
    at getFirebaseApp (/workspaces/matmetrics/src/lib/firebase-client.ts:41:11)
    at getFirebaseAuth (/workspaces/matmetrics/src/lib/firebase-client.ts:48:18)
    at getCurrentIdToken (/workspaces/matmetrics/src/lib/auth-session.ts:5:25)
    at getAuthHeaders (/workspaces/matmetrics/src/lib/auth-session.ts:16:23)
    at saveSession (/workspaces/matmetrics/src/lib/storage.ts:805:29)
    at TestContext.<anonymous> (/workspaces/matmetrics/src/lib/storage.test.ts:344:13)
    at Test.runInAsyncScope (node:async_hooks:214:14)
    at Test.run (node:internal/test_runner/test:1106:25)
    at Test.processPendingSubtests (node:internal/test_runner/test:788:18)
    at Test.postRun (node:internal/test_runner/test:1235:19)
✔ successful GitHub-backed mutations coalesce into one deferred refresh (44.517372ms)
Failed to read Firebase ID token Error: Firebase client configuration is missing
    at getFirebaseApp (/workspaces/matmetrics/src/lib/firebase-client.ts:41:11)
    at getFirebaseAuth (/workspaces/matmetrics/src/lib/firebase-client.ts:48:18)
    at getCurrentIdToken (/workspaces/matmetrics/src/lib/auth-session.ts:5:25)
    at getAuthHeaders (/workspaces/matmetrics/src/lib/auth-session.ts:16:23)
    at saveSession (/workspaces/matmetrics/src/lib/storage.ts:805:29)
    at TestContext.<anonymous> (/workspaces/matmetrics/src/lib/storage.test.ts:388:9)
    at Test.runInAsyncScope (node:async_hooks:214:14)
    at Test.run (node:internal/test_runner/test:1106:25)
    at Test.processPendingSubtests (node:internal/test_runner/test:788:18)
    at Test.postRun (node:internal/test_runner/test:1235:19)
Error syncing mutation SyncRequestError: Request failed with status 400
    at syncRequest (/workspaces/matmetrics/src/lib/storage.ts:644:9)
    at async saveSession (/workspaces/matmetrics/src/lib/storage.ts:808:7)
    at async waitForActual (node:assert:646:5)
    at async strict.rejects (node:assert:769:25)
    at async TestContext.<anonymous> (/workspaces/matmetrics/src/lib/storage.test.ts:387:7)
    at async Test.run (node:internal/test_runner/test:1113:7)
    at async Test.processPendingSubtests (node:internal/test_runner/test:788:7) {
  retryable: false,
  retryAfterMs: null
}
Failed to read Firebase ID token Error: Firebase client configuration is missing
    at getFirebaseApp (/workspaces/matmetrics/src/lib/firebase-client.ts:41:11)
    at getFirebaseAuth (/workspaces/matmetrics/src/lib/firebase-client.ts:48:18)
    at getCurrentIdToken (/workspaces/matmetrics/src/lib/auth-session.ts:5:25)
    at getAuthHeaders (/workspaces/matmetrics/src/lib/auth-session.ts:16:23)
    at <anonymous> (/workspaces/matmetrics/src/lib/storage.ts:1317:29)
    at refreshSessionsFromAPI (/workspaces/matmetrics/src/lib/storage.ts:1362:3)
    at reconcilePermanentFailure (/workspaces/matmetrics/src/lib/storage.ts:653:11)
    at handleMutationSyncFailure (/workspaces/matmetrics/src/lib/storage.ts:671:12)
    at saveSession (/workspaces/matmetrics/src/lib/storage.ts:815:14)
    at async waitForActual (node:assert:646:5)
✔ teardownStorageListeners cancels scheduled refresh callbacks (42.621205ms)
Failed to read Firebase ID token Error: Firebase client configuration is missing
    at getFirebaseApp (/workspaces/matmetrics/src/lib/firebase-client.ts:41:11)
    at getFirebaseAuth (/workspaces/matmetrics/src/lib/firebase-client.ts:48:18)
    at getCurrentIdToken (/workspaces/matmetrics/src/lib/auth-session.ts:5:25)
    at getAuthHeaders (/workspaces/matmetrics/src/lib/auth-session.ts:16:23)
    at <anonymous> (/workspaces/matmetrics/src/lib/storage.ts:1317:29)
    at refreshSessionsFromAPI (/workspaces/matmetrics/src/lib/storage.ts:1362:3)
    at getSessions (/workspaces/matmetrics/src/lib/storage.ts:743:12)
    at TestContext.<anonymous> (/workspaces/matmetrics/src/lib/storage.test.ts:393:24)
    at async Test.run (node:internal/test_runner/test:1113:7)
    at async Test.processPendingSubtests (node:internal/test_runner/test:788:7)
✔ non-retryable create failures are not queued and optimistic state is reconciled away (17.49993ms)
Failed to read Firebase ID token Error: Firebase client configuration is missing
    at getFirebaseApp (/workspaces/matmetrics/src/lib/firebase-client.ts:41:11)
    at getFirebaseAuth (/workspaces/matmetrics/src/lib/firebase-client.ts:48:18)
    at getCurrentIdToken (/workspaces/matmetrics/src/lib/auth-session.ts:5:25)
    at getAuthHeaders (/workspaces/matmetrics/src/lib/auth-session.ts:16:23)
    at <anonymous> (/workspaces/matmetrics/src/lib/storage.ts:1317:29)
    at refreshSessionsFromAPI (/workspaces/matmetrics/src/lib/storage.ts:1362:3)
    at Timeout.<anonymous> (/workspaces/matmetrics/src/lib/storage.ts:300:10)
    at listOnTimeout (node:internal/timers:605:17)
    at process.processTimers (node:internal/timers:541:7)
Failed to read Firebase ID token Error: Firebase client configuration is missing
    at getFirebaseApp (/workspaces/matmetrics/src/lib/firebase-client.ts:41:11)
    at getFirebaseAuth (/workspaces/matmetrics/src/lib/firebase-client.ts:48:18)
    at getCurrentIdToken (/workspaces/matmetrics/src/lib/auth-session.ts:5:25)
    at getAuthHeaders (/workspaces/matmetrics/src/lib/auth-session.ts:16:23)
    at saveSession (/workspaces/matmetrics/src/lib/storage.ts:805:29)
    at TestContext.<anonymous> (/workspaces/matmetrics/src/lib/storage.test.ts:447:9)
    at async Test.run (node:internal/test_runner/test:1113:7)
    at async Test.processPendingSubtests (node:internal/test_runner/test:788:7)
Error syncing mutation SyncRequestError: Request failed with status 409
    at syncRequest (/workspaces/matmetrics/src/lib/storage.ts:644:9)
    at async saveSession (/workspaces/matmetrics/src/lib/storage.ts:808:7)
    at async waitForActual (node:assert:646:5)
    at async strict.rejects (node:assert:769:25) {
  retryable: false,
  retryAfterMs: null
}
Error refreshing sessions from API TypeError: fetch failed
    at node:internal/deps/undici/undici:15845:13
    at process.processTicksAndRejections (node:internal/process/task_queues:103:5)
    at async <anonymous> (/workspaces/matmetrics/src/lib/storage.ts:1318:19) {
  [cause]: AggregateError [ECONNREFUSED]: 
      at internalConnectMultiple (node:net:1134:18)
      at afterConnectMultiple (node:net:1715:7) {
    code: 'ECONNREFUSED',
    [errors]: [ [Error], [Error] ]
  }
}
Failed to read Firebase ID token Error: Firebase client configuration is missing
    at getFirebaseApp (/workspaces/matmetrics/src/lib/firebase-client.ts:41:11)
    at getFirebaseAuth (/workspaces/matmetrics/src/lib/firebase-client.ts:48:18)
    at getCurrentIdToken (/workspaces/matmetrics/src/lib/auth-session.ts:5:25)
    at getAuthHeaders (/workspaces/matmetrics/src/lib/auth-session.ts:16:23)
    at <anonymous> (/workspaces/matmetrics/src/lib/storage.ts:1317:29)
    at refreshSessionsFromAPI (/workspaces/matmetrics/src/lib/storage.ts:1362:3)
    at <anonymous> (/workspaces/matmetrics/src/lib/storage.ts:1359:14)
    at process.processTicksAndRejections (node:internal/process/task_queues:103:5)
Failed to read Firebase ID token Error: Firebase client configuration is missing
    at getFirebaseApp (/workspaces/matmetrics/src/lib/firebase-client.ts:41:11)
    at getFirebaseAuth (/workspaces/matmetrics/src/lib/firebase-client.ts:48:18)
    at getCurrentIdToken (/workspaces/matmetrics/src/lib/auth-session.ts:5:25)
    at getAuthHeaders (/workspaces/matmetrics/src/lib/auth-session.ts:16:23)
    at <anonymous> (/workspaces/matmetrics/src/lib/storage.ts:1317:29)
    at refreshSessionsFromAPI (/workspaces/matmetrics/src/lib/storage.ts:1362:3)
    at getSessions (/workspaces/matmetrics/src/lib/storage.ts:765:10)
    at TestContext.<anonymous> (/workspaces/matmetrics/src/lib/storage.test.ts:501:7)
    at Test.runInAsyncScope (node:async_hooks:214:14)
    at Test.run (node:internal/test_runner/test:1106:25)
✔ forced refresh runs after a stale in-flight refresh when reconciling permanent mutation failures (13.65151ms)
Failed to read Firebase ID token Error: Firebase client configuration is missing
    at getFirebaseApp (/workspaces/matmetrics/src/lib/firebase-client.ts:41:11)
    at getFirebaseAuth (/workspaces/matmetrics/src/lib/firebase-client.ts:48:18)
    at getCurrentIdToken (/workspaces/matmetrics/src/lib/auth-session.ts:5:25)
    at getAuthHeaders (/workspaces/matmetrics/src/lib/auth-session.ts:16:23)
    at <anonymous> (/workspaces/matmetrics/src/lib/storage.ts:1317:29)
    at refreshSessionsFromAPI (/workspaces/matmetrics/src/lib/storage.ts:1362:3)
    at getSessions (/workspaces/matmetrics/src/lib/storage.ts:743:12)
    at TestContext.<anonymous> (/workspaces/matmetrics/src/lib/storage.test.ts:505:9)
    at async Test.run (node:internal/test_runner/test:1113:7)
    at async Test.processPendingSubtests (node:internal/test_runner/test:788:7)
Failed to read Firebase ID token Error: Firebase client configuration is missing
    at getFirebaseApp (/workspaces/matmetrics/src/lib/firebase-client.ts:41:11)
    at getFirebaseAuth (/workspaces/matmetrics/src/lib/firebase-client.ts:48:18)
    at getCurrentIdToken (/workspaces/matmetrics/src/lib/auth-session.ts:5:25)
    at getAuthHeaders (/workspaces/matmetrics/src/lib/auth-session.ts:16:23)
    at saveSession (/workspaces/matmetrics/src/lib/storage.ts:805:29)
    at TestContext.<anonymous> (/workspaces/matmetrics/src/lib/storage.test.ts:546:28)
    at Test.runInAsyncScope (node:async_hooks:214:14)
    at Test.run (node:internal/test_runner/test:1106:25)
    at Test.processPendingSubtests (node:internal/test_runner/test:788:18)
    at Test.postRun (node:internal/test_runner/test:1235:19)
Error syncing mutation SyncRequestError: Request failed with status 503
    at syncRequest (/workspaces/matmetrics/src/lib/storage.ts:644:9)
    at async saveSession (/workspaces/matmetrics/src/lib/storage.ts:808:7)
    at async TestContext.<anonymous> (/workspaces/matmetrics/src/lib/storage.test.ts:546:22)
    at async Test.run (node:internal/test_runner/test:1113:7)
    at async Test.processPendingSubtests (node:internal/test_runner/test:788:7) {
  retryable: true,
  retryAfterMs: null
}
✔ refreshSessionsFromAPI preserves valid sessions and exposes file-level issues from list payload (4.337388ms)
Error refreshing sessions from API TypeError: fetch failed
    at node:internal/deps/undici/undici:15845:13
    at process.processTicksAndRejections (node:internal/process/task_queues:103:5)
    at async <anonymous> (/workspaces/matmetrics/src/lib/storage.ts:1318:19) {
  [cause]: AggregateError [ECONNREFUSED]: 
      at internalConnectMultiple (node:net:1134:18)
      at afterConnectMultiple (node:net:1715:7) {
    code: 'ECONNREFUSED',
    [errors]: [ [Error], [Error] ]
  }
}
Failed to read Firebase ID token Error: Firebase client configuration is missing
    at getFirebaseApp (/workspaces/matmetrics/src/lib/firebase-client.ts:41:11)
    at getFirebaseAuth (/workspaces/matmetrics/src/lib/firebase-client.ts:48:18)
    at getCurrentIdToken (/workspaces/matmetrics/src/lib/auth-session.ts:5:25)
    at getAuthHeaders (/workspaces/matmetrics/src/lib/auth-session.ts:16:23)
    at <anonymous> (/workspaces/matmetrics/src/lib/storage.ts:1317:29)
    at refreshSessionsFromAPI (/workspaces/matmetrics/src/lib/storage.ts:1362:3)
    at getSessions (/workspaces/matmetrics/src/lib/storage.ts:743:12)
    at TestContext.<anonymous> (/workspaces/matmetrics/src/lib/storage.test.ts:555:9)
    at async Test.run (node:internal/test_runner/test:1113:7)
    at async Test.processPendingSubtests (node:internal/test_runner/test:788:7)
✔ retryable create failures remain queued for later sync (22.629646ms)
Error refreshing sessions from API TypeError: fetch failed
    at node:internal/deps/undici/undici:15845:13
    at process.processTicksAndRejections (node:internal/process/task_queues:103:5)
    at async <anonymous> (/workspaces/matmetrics/src/lib/storage.ts:1318:19) {
  [cause]: AggregateError [ECONNREFUSED]: 
      at internalConnectMultiple (node:net:1134:18)
      at afterConnectMultiple (node:net:1715:7) {
    code: 'ECONNREFUSED',
    [errors]: [ [Error], [Error] ]
  }
}
Failed to read Firebase ID token Error: Firebase client configuration is missing
    at getFirebaseApp (/workspaces/matmetrics/src/lib/firebase-client.ts:41:11)
    at getFirebaseAuth (/workspaces/matmetrics/src/lib/firebase-client.ts:48:18)
    at getCurrentIdToken (/workspaces/matmetrics/src/lib/auth-session.ts:5:25)
    at getAuthHeaders (/workspaces/matmetrics/src/lib/auth-session.ts:16:23)
    at processSingleQueueOperation (/workspaces/matmetrics/src/lib/storage.ts:1547:27)
    at <anonymous> (/workspaces/matmetrics/src/lib/storage.ts:1639:30)
    at runNextTicks (node:internal/process/task_queues:64:5)
    at listOnTimeout (node:internal/timers:567:9)
    at process.processTimers (node:internal/timers:541:7)
Error syncing operation SyncRequestError: Request failed with status 429
    at syncRequest (/workspaces/matmetrics/src/lib/storage.ts:644:9)
    at runNextTicks (node:internal/process/task_queues:64:5)
    at listOnTimeout (node:internal/timers:567:9)
    at process.processTimers (node:internal/timers:541:7)
    at async processSingleQueueOperation (/workspaces/matmetrics/src/lib/storage.ts:1552:5)
    at async <anonymous> (/workspaces/matmetrics/src/lib/storage.ts:1639:24) {
  retryable: true,
  retryAfterMs: 0
}
✔ 429 replay failure keeps failed and later queued operations (32.640335ms)
Failed to read Firebase ID token Error: Firebase client configuration is missing
    at getFirebaseApp (/workspaces/matmetrics/src/lib/firebase-client.ts:41:11)
    at getFirebaseAuth (/workspaces/matmetrics/src/lib/firebase-client.ts:48:18)
    at getCurrentIdToken (/workspaces/matmetrics/src/lib/auth-session.ts:5:25)
    at getAuthHeaders (/workspaces/matmetrics/src/lib/auth-session.ts:16:23)
    at processSingleQueueOperation (/workspaces/matmetrics/src/lib/storage.ts:1547:27)
    at <anonymous> (/workspaces/matmetrics/src/lib/storage.ts:1639:30)
Error syncing operation SyncRequestError: Request failed with status 400
    at syncRequest (/workspaces/matmetrics/src/lib/storage.ts:644:9)
    at async processSingleQueueOperation (/workspaces/matmetrics/src/lib/storage.ts:1552:5)
    at async <anonymous> (/workspaces/matmetrics/src/lib/storage.ts:1639:24) {
  retryable: false,
  retryAfterMs: null
}
Failed to read Firebase ID token Error: Firebase client configuration is missing
    at getFirebaseApp (/workspaces/matmetrics/src/lib/firebase-client.ts:41:11)
    at getFirebaseAuth (/workspaces/matmetrics/src/lib/firebase-client.ts:48:18)
    at getCurrentIdToken (/workspaces/matmetrics/src/lib/auth-session.ts:5:25)
    at getAuthHeaders (/workspaces/matmetrics/src/lib/auth-session.ts:16:23)
    at <anonymous> (/workspaces/matmetrics/src/lib/storage.ts:1317:29)
    at refreshSessionsFromAPI (/workspaces/matmetrics/src/lib/storage.ts:1362:3)
    at reconcilePermanentFailure (/workspaces/matmetrics/src/lib/storage.ts:653:11)
    at handleOperationError (/workspaces/matmetrics/src/lib/storage.ts:1510:13)
    at async processSingleQueueOperation (/workspaces/matmetrics/src/lib/storage.ts:1571:41)
    at async <anonymous> (/workspaces/matmetrics/src/lib/storage.ts:1639:24)
Failed to read Firebase ID token Error: Firebase client configuration is missing
    at getFirebaseApp (/workspaces/matmetrics/src/lib/firebase-client.ts:41:11)
    at getFirebaseAuth (/workspaces/matmetrics/src/lib/firebase-client.ts:48:18)
    at getCurrentIdToken (/workspaces/matmetrics/src/lib/auth-session.ts:5:25)
    at getAuthHeaders (/workspaces/matmetrics/src/lib/auth-session.ts:16:23)
    at <anonymous> (/workspaces/matmetrics/src/lib/storage.ts:1317:29)
    at refreshSessionsFromAPI (/workspaces/matmetrics/src/lib/storage.ts:1362:3)
    at getSessions (/workspaces/matmetrics/src/lib/storage.ts:743:12)
    at TestContext.<anonymous> (/workspaces/matmetrics/src/lib/storage.test.ts:653:24)
    at async Test.run (node:internal/test_runner/test:1113:7)
    at async Test.processPendingSubtests (node:internal/test_runner/test:788:7)
Failed to read Firebase ID token Error: Firebase client configuration is missing
    at getFirebaseApp (/workspaces/matmetrics/src/lib/firebase-client.ts:41:11)
    at getFirebaseAuth (/workspaces/matmetrics/src/lib/firebase-client.ts:48:18)
    at getCurrentIdToken (/workspaces/matmetrics/src/lib/auth-session.ts:5:25)
    at getAuthHeaders (/workspaces/matmetrics/src/lib/auth-session.ts:16:23)
    at saveSession (/workspaces/matmetrics/src/lib/storage.ts:805:29)
    at TestContext.<anonymous> (/workspaces/matmetrics/src/lib/storage.test.ts:696:28)
    at Test.runInAsyncScope (node:async_hooks:214:14)
    at Test.run (node:internal/test_runner/test:1106:25)
    at Test.processPendingSubtests (node:internal/test_runner/test:788:18)
    at Test.postRun (node:internal/test_runner/test:1235:19)
Failed to read Firebase ID token Error: Firebase client configuration is missing
    at getFirebaseApp (/workspaces/matmetrics/src/lib/firebase-client.ts:41:11)
    at getFirebaseAuth (/workspaces/matmetrics/src/lib/firebase-client.ts:48:18)
    at getCurrentIdToken (/workspaces/matmetrics/src/lib/auth-session.ts:5:25)
    at getAuthHeaders (/workspaces/matmetrics/src/lib/auth-session.ts:16:23)
    at <anonymous> (/workspaces/matmetrics/src/lib/storage.ts:1317:29)
    at refreshSessionsFromAPI (/workspaces/matmetrics/src/lib/storage.ts:1362:3)
    at saveSession (/workspaces/matmetrics/src/lib/storage.ts:826:12)
    at async TestContext.<anonymous> (/workspaces/matmetrics/src/lib/storage.test.ts:696:22)
    at async Test.run (node:internal/test_runner/test:1113:7)
    at async Test.processPendingSubtests (node:internal/test_runner/test:788:7)
Skipping cache refresh from /api/sessions/list due to non-OK status 500
✔ non-retryable queued create failures are removed during sync replay (30.573923ms)
Error refreshing sessions from API TypeError: fetch failed
    at node:internal/deps/undici/undici:15845:13
    at process.processTicksAndRejections (node:internal/process/task_queues:103:5)
    at async <anonymous> (/workspaces/matmetrics/src/lib/storage.ts:1318:19) {
  [cause]: AggregateError [ECONNREFUSED]: 
      at internalConnectMultiple (node:net:1134:18)
      at afterConnectMultiple (node:net:1715:7) {
    code: 'ECONNREFUSED',
    [errors]: [ [Error], [Error] ]
  }
}
Failed to read Firebase ID token Error: Firebase client configuration is missing
    at getFirebaseApp (/workspaces/matmetrics/src/lib/firebase-client.ts:41:11)
    at getFirebaseAuth (/workspaces/matmetrics/src/lib/firebase-client.ts:48:18)
    at getCurrentIdToken (/workspaces/matmetrics/src/lib/auth-session.ts:5:25)
    at getAuthHeaders (/workspaces/matmetrics/src/lib/auth-session.ts:16:23)
    at <anonymous> (/workspaces/matmetrics/src/lib/storage.ts:1317:29)
    at refreshSessionsFromAPI (/workspaces/matmetrics/src/lib/storage.ts:1362:3)
    at getSessions (/workspaces/matmetrics/src/lib/storage.ts:743:12)
    at TestContext.<anonymous> (/workspaces/matmetrics/src/lib/storage.test.ts:701:9)
    at async Test.run (node:internal/test_runner/test:1113:7)
    at async Test.processPendingSubtests (node:internal/test_runner/test:788:7)
Failed to read Firebase ID token Error: Firebase client configuration is missing
    at getFirebaseApp (/workspaces/matmetrics/src/lib/firebase-client.ts:41:11)
    at getFirebaseAuth (/workspaces/matmetrics/src/lib/firebase-client.ts:48:18)
    at getCurrentIdToken (/workspaces/matmetrics/src/lib/auth-session.ts:5:25)
    at getAuthHeaders (/workspaces/matmetrics/src/lib/auth-session.ts:16:23)
    at <anonymous> (/workspaces/matmetrics/src/lib/storage.ts:1317:29)
    at refreshSessionsFromAPI (/workspaces/matmetrics/src/lib/storage.ts:1362:3)
    at getSessions (/workspaces/matmetrics/src/lib/storage.ts:743:12)
    at TestContext.<anonymous> (/workspaces/matmetrics/src/lib/storage.test.ts:707:24)
    at async Test.run (node:internal/test_runner/test:1113:7)
    at async Test.processPendingSubtests (node:internal/test_runner/test:788:7)
Failed to read Firebase ID token Error: Firebase client configuration is missing
    at getFirebaseApp (/workspaces/matmetrics/src/lib/firebase-client.ts:41:11)
    at getFirebaseAuth (/workspaces/matmetrics/src/lib/firebase-client.ts:48:18)
    at getCurrentIdToken (/workspaces/matmetrics/src/lib/auth-session.ts:5:25)
    at getAuthHeaders (/workspaces/matmetrics/src/lib/auth-session.ts:16:23)
    at updateSession (/workspaces/matmetrics/src/lib/storage.ts:875:29)
    at TestContext.<anonymous> (/workspaces/matmetrics/src/lib/storage.test.ts:756:28)
    at Test.runInAsyncScope (node:async_hooks:214:14)
    at Test.run (node:internal/test_runner/test:1106:25)
    at Test.processPendingSubtests (node:internal/test_runner/test:788:18)
    at Test.postRun (node:internal/test_runner/test:1235:19)
Failed to read Firebase ID token Error: Firebase client configuration is missing
    at getFirebaseApp (/workspaces/matmetrics/src/lib/firebase-client.ts:41:11)
    at getFirebaseAuth (/workspaces/matmetrics/src/lib/firebase-client.ts:48:18)
    at getCurrentIdToken (/workspaces/matmetrics/src/lib/auth-session.ts:5:25)
    at getAuthHeaders (/workspaces/matmetrics/src/lib/auth-session.ts:16:23)
    at <anonymous> (/workspaces/matmetrics/src/lib/storage.ts:1317:29)
    at refreshSessionsFromAPI (/workspaces/matmetrics/src/lib/storage.ts:1362:3)
    at updateSession (/workspaces/matmetrics/src/lib/storage.ts:896:12)
    at async TestContext.<anonymous> (/workspaces/matmetrics/src/lib/storage.test.ts:756:22)
    at async Test.run (node:internal/test_runner/test:1113:7)
    at async Test.processPendingSubtests (node:internal/test_runner/test:788:7)
Skipping cache refresh from /api/sessions/list due to non-OK status 500
✔ successful create clears dirty state even when immediate refresh fails (8.983016ms)
Error refreshing sessions from API TypeError: fetch failed
    at node:internal/deps/undici/undici:15845:13
    at process.processTicksAndRejections (node:internal/process/task_queues:103:5)
    at async <anonymous> (/workspaces/matmetrics/src/lib/storage.ts:1318:19) {
  [cause]: AggregateError [ECONNREFUSED]: 
      at internalConnectMultiple (node:net:1134:18)
      at afterConnectMultiple (node:net:1715:7) {
    code: 'ECONNREFUSED',
    [errors]: [ [Error], [Error] ]
  }
}
Failed to read Firebase ID token Error: Firebase client configuration is missing
    at getFirebaseApp (/workspaces/matmetrics/src/lib/firebase-client.ts:41:11)
    at getFirebaseAuth (/workspaces/matmetrics/src/lib/firebase-client.ts:48:18)
    at getCurrentIdToken (/workspaces/matmetrics/src/lib/auth-session.ts:5:25)
    at getAuthHeaders (/workspaces/matmetrics/src/lib/auth-session.ts:16:23)
    at <anonymous> (/workspaces/matmetrics/src/lib/storage.ts:1317:29)
    at refreshSessionsFromAPI (/workspaces/matmetrics/src/lib/storage.ts:1362:3)
    at getSessions (/workspaces/matmetrics/src/lib/storage.ts:743:12)
    at TestContext.<anonymous> (/workspaces/matmetrics/src/lib/storage.test.ts:760:20)
    at async Test.run (node:internal/test_runner/test:1113:7)
    at async Test.processPendingSubtests (node:internal/test_runner/test:788:7)
Failed to read Firebase ID token Error: Firebase client configuration is missing
    at getFirebaseApp (/workspaces/matmetrics/src/lib/firebase-client.ts:41:11)
    at getFirebaseAuth (/workspaces/matmetrics/src/lib/firebase-client.ts:48:18)
    at getCurrentIdToken (/workspaces/matmetrics/src/lib/auth-session.ts:5:25)
    at getAuthHeaders (/workspaces/matmetrics/src/lib/auth-session.ts:16:23)
    at <anonymous> (/workspaces/matmetrics/src/lib/storage.ts:1317:29)
    at refreshSessionsFromAPI (/workspaces/matmetrics/src/lib/storage.ts:1362:3)
    at getSessions (/workspaces/matmetrics/src/lib/storage.ts:743:12)
    at TestContext.<anonymous> (/workspaces/matmetrics/src/lib/storage.test.ts:764:20)
    at async Test.run (node:internal/test_runner/test:1113:7)
    at async Test.processPendingSubtests (node:internal/test_runner/test:788:7)
Failed to read Firebase ID token Error: Firebase client configuration is missing
    at getFirebaseApp (/workspaces/matmetrics/src/lib/firebase-client.ts:41:11)
    at getFirebaseAuth (/workspaces/matmetrics/src/lib/firebase-client.ts:48:18)
    at getCurrentIdToken (/workspaces/matmetrics/src/lib/auth-session.ts:5:25)
    at getAuthHeaders (/workspaces/matmetrics/src/lib/auth-session.ts:16:23)
    at deleteSession (/workspaces/matmetrics/src/lib/storage.ts:933:29)
    at TestContext.<anonymous> (/workspaces/matmetrics/src/lib/storage.test.ts:809:28)
    at Test.runInAsyncScope (node:async_hooks:214:14)
    at Test.run (node:internal/test_runner/test:1106:25)
    at Test.processPendingSubtests (node:internal/test_runner/test:788:18)
    at Test.postRun (node:internal/test_runner/test:1235:19)
Failed to read Firebase ID token Error: Firebase client configuration is missing
    at getFirebaseApp (/workspaces/matmetrics/src/lib/firebase-client.ts:41:11)
    at getFirebaseAuth (/workspaces/matmetrics/src/lib/firebase-client.ts:48:18)
    at getCurrentIdToken (/workspaces/matmetrics/src/lib/auth-session.ts:5:25)
    at getAuthHeaders (/workspaces/matmetrics/src/lib/auth-session.ts:16:23)
    at <anonymous> (/workspaces/matmetrics/src/lib/storage.ts:1317:29)
    at refreshSessionsFromAPI (/workspaces/matmetrics/src/lib/storage.ts:1362:3)
    at deleteSession (/workspaces/matmetrics/src/lib/storage.ts:957:12)
    at async TestContext.<anonymous> (/workspaces/matmetrics/src/lib/storage.test.ts:809:22)
    at async Test.run (node:internal/test_runner/test:1113:7)
    at async Test.processPendingSubtests (node:internal/test_runner/test:788:7)
Skipping cache refresh from /api/sessions/list due to non-OK status 500
✔ successful update clears dirty state even when immediate refresh fails (7.619286ms)
Error refreshing sessions from API TypeError: fetch failed
    at node:internal/deps/undici/undici:15845:13
    at process.processTicksAndRejections (node:internal/process/task_queues:103:5)
    at async <anonymous> (/workspaces/matmetrics/src/lib/storage.ts:1318:19) {
  [cause]: AggregateError [ECONNREFUSED]: 
      at internalConnectMultiple (node:net:1134:18)
      at afterConnectMultiple (node:net:1715:7) {
    code: 'ECONNREFUSED',
    [errors]: [ [Error], [Error] ]
  }
}
Failed to read Firebase ID token Error: Firebase client configuration is missing
    at getFirebaseApp (/workspaces/matmetrics/src/lib/firebase-client.ts:41:11)
    at getFirebaseAuth (/workspaces/matmetrics/src/lib/firebase-client.ts:48:18)
    at getCurrentIdToken (/workspaces/matmetrics/src/lib/auth-session.ts:5:25)
    at getAuthHeaders (/workspaces/matmetrics/src/lib/auth-session.ts:16:23)
    at <anonymous> (/workspaces/matmetrics/src/lib/storage.ts:1317:29)
    at refreshSessionsFromAPI (/workspaces/matmetrics/src/lib/storage.ts:1362:3)
    at getSessions (/workspaces/matmetrics/src/lib/storage.ts:743:12)
    at TestContext.<anonymous> (/workspaces/matmetrics/src/lib/storage.test.ts:813:24)
    at async Test.run (node:internal/test_runner/test:1113:7)
    at async Test.processPendingSubtests (node:internal/test_runner/test:788:7)
Failed to read Firebase ID token Error: Firebase client configuration is missing
    at getFirebaseApp (/workspaces/matmetrics/src/lib/firebase-client.ts:41:11)
    at getFirebaseAuth (/workspaces/matmetrics/src/lib/firebase-client.ts:48:18)
    at getCurrentIdToken (/workspaces/matmetrics/src/lib/auth-session.ts:5:25)
    at getAuthHeaders (/workspaces/matmetrics/src/lib/auth-session.ts:16:23)
    at <anonymous> (/workspaces/matmetrics/src/lib/storage.ts:1317:29)
    at refreshSessionsFromAPI (/workspaces/matmetrics/src/lib/storage.ts:1362:3)
    at getSessions (/workspaces/matmetrics/src/lib/storage.ts:743:12)
    at TestContext.<anonymous> (/workspaces/matmetrics/src/lib/storage.test.ts:818:9)
    at async Test.run (node:internal/test_runner/test:1113:7)
    at async Test.processPendingSubtests (node:internal/test_runner/test:788:7)
Failed to read Firebase ID token Error: Firebase client configuration is missing
    at getFirebaseApp (/workspaces/matmetrics/src/lib/firebase-client.ts:41:11)
    at getFirebaseAuth (/workspaces/matmetrics/src/lib/firebase-client.ts:48:18)
    at getCurrentIdToken (/workspaces/matmetrics/src/lib/auth-session.ts:5:25)
    at getAuthHeaders (/workspaces/matmetrics/src/lib/auth-session.ts:16:23)
    at <anonymous> (/workspaces/matmetrics/src/lib/storage.ts:1317:29)
    at refreshSessionsFromAPI (/workspaces/matmetrics/src/lib/storage.ts:1362:3)
    at getSessions (/workspaces/matmetrics/src/lib/storage.ts:743:12)
    at TestContext.<anonymous> (/workspaces/matmetrics/src/lib/storage.test.ts:858:7)
    at async Test.run (node:internal/test_runner/test:1113:7)
    at async Test.processPendingSubtests (node:internal/test_runner/test:788:7)
✔ successful delete clears dirty state even when immediate refresh fails (7.245162ms)
Error refreshing sessions from API TypeError: fetch failed
    at node:internal/deps/undici/undici:15845:13
    at process.processTicksAndRejections (node:internal/process/task_queues:103:5)
    at async <anonymous> (/workspaces/matmetrics/src/lib/storage.ts:1318:19) {
  [cause]: AggregateError [ECONNREFUSED]: 
      at internalConnectMultiple (node:net:1134:18)
      at afterConnectMultiple (node:net:1715:7) {
    code: 'ECONNREFUSED',
    [errors]: [ [Error], [Error] ]
  }
}
Failed to read Firebase ID token Error: Firebase client configuration is missing
    at getFirebaseApp (/workspaces/matmetrics/src/lib/firebase-client.ts:41:11)
    at getFirebaseAuth (/workspaces/matmetrics/src/lib/firebase-client.ts:48:18)
    at getCurrentIdToken (/workspaces/matmetrics/src/lib/auth-session.ts:5:25)
    at getAuthHeaders (/workspaces/matmetrics/src/lib/auth-session.ts:16:23)
    at <anonymous> (/workspaces/matmetrics/src/lib/storage.ts:1317:29)
    at refreshSessionsFromAPI (/workspaces/matmetrics/src/lib/storage.ts:1362:3)
    at getSessions (/workspaces/matmetrics/src/lib/storage.ts:743:12)
    at TestContext.<anonymous> (/workspaces/matmetrics/src/lib/storage.test.ts:861:24)
    at async Test.run (node:internal/test_runner/test:1113:7)
    at async Test.processPendingSubtests (node:internal/test_runner/test:788:7)
Failed to read Firebase ID token Error: Firebase client configuration is missing
    at getFirebaseApp (/workspaces/matmetrics/src/lib/firebase-client.ts:41:11)
    at getFirebaseAuth (/workspaces/matmetrics/src/lib/firebase-client.ts:48:18)
    at getCurrentIdToken (/workspaces/matmetrics/src/lib/auth-session.ts:5:25)
    at getAuthHeaders (/workspaces/matmetrics/src/lib/auth-session.ts:16:23)
    at <anonymous> (/workspaces/matmetrics/src/lib/storage.ts:1317:29)
    at refreshSessionsFromAPI (/workspaces/matmetrics/src/lib/storage.ts:1362:3)
    at getSessions (/workspaces/matmetrics/src/lib/storage.ts:743:12)
    at TestContext.<anonymous> (/workspaces/matmetrics/src/lib/storage.test.ts:902:7)
    at async Test.run (node:internal/test_runner/test:1113:7)
    at async Test.processPendingSubtests (node:internal/test_runner/test:788:7)
✔ guest create does not leak dirty mutation into later authenticated refresh merge (4.809649ms)
Error refreshing sessions from API TypeError: fetch failed
    at node:internal/deps/undici/undici:15845:13
    at process.processTicksAndRejections (node:internal/process/task_queues:103:5)
    at async <anonymous> (/workspaces/matmetrics/src/lib/storage.ts:1318:19) {
  [cause]: AggregateError [ECONNREFUSED]: 
      at internalConnectMultiple (node:net:1134:18)
      at afterConnectMultiple (node:net:1715:7) {
    code: 'ECONNREFUSED',
    [errors]: [ [Error], [Error] ]
  }
}
Failed to read Firebase ID token Error: Firebase client configuration is missing
    at getFirebaseApp (/workspaces/matmetrics/src/lib/firebase-client.ts:41:11)
    at getFirebaseAuth (/workspaces/matmetrics/src/lib/firebase-client.ts:48:18)
    at getCurrentIdToken (/workspaces/matmetrics/src/lib/auth-session.ts:5:25)
    at getAuthHeaders (/workspaces/matmetrics/src/lib/auth-session.ts:16:23)
    at <anonymous> (/workspaces/matmetrics/src/lib/storage.ts:1317:29)
    at refreshSessionsFromAPI (/workspaces/matmetrics/src/lib/storage.ts:1362:3)
    at getSessions (/workspaces/matmetrics/src/lib/storage.ts:743:12)
    at TestContext.<anonymous> (/workspaces/matmetrics/src/lib/storage.test.ts:905:20)
    at async Test.run (node:internal/test_runner/test:1113:7)
    at async Test.processPendingSubtests (node:internal/test_runner/test:788:7)
Failed to read Firebase ID token Error: Firebase client configuration is missing
    at getFirebaseApp (/workspaces/matmetrics/src/lib/firebase-client.ts:41:11)
    at getFirebaseAuth (/workspaces/matmetrics/src/lib/firebase-client.ts:48:18)
    at getCurrentIdToken (/workspaces/matmetrics/src/lib/auth-session.ts:5:25)
    at getAuthHeaders (/workspaces/matmetrics/src/lib/auth-session.ts:16:23)
    at <anonymous> (/workspaces/matmetrics/src/lib/storage.ts:1317:29)
    at refreshSessionsFromAPI (/workspaces/matmetrics/src/lib/storage.ts:1362:3)
    at getSessions (/workspaces/matmetrics/src/lib/storage.ts:743:12)
    at TestContext.<anonymous> (/workspaces/matmetrics/src/lib/storage.test.ts:945:7)
    at async Test.run (node:internal/test_runner/test:1113:7)
    at async Test.processPendingSubtests (node:internal/test_runner/test:788:7)
✔ guest update does not leak dirty mutation into later authenticated refresh merge (3.054885ms)
Error refreshing sessions from API TypeError: fetch failed
    at node:internal/deps/undici/undici:15845:13
    at process.processTicksAndRejections (node:internal/process/task_queues:103:5)
    at async <anonymous> (/workspaces/matmetrics/src/lib/storage.ts:1318:19) {
  [cause]: AggregateError [ECONNREFUSED]: 
      at internalConnectMultiple (node:net:1134:18)
      at afterConnectMultiple (node:net:1715:7) {
    code: 'ECONNREFUSED',
    [errors]: [ [Error], [Error] ]
  }
}
Failed to read Firebase ID token Error: Firebase client configuration is missing
    at getFirebaseApp (/workspaces/matmetrics/src/lib/firebase-client.ts:41:11)
    at getFirebaseAuth (/workspaces/matmetrics/src/lib/firebase-client.ts:48:18)
    at getCurrentIdToken (/workspaces/matmetrics/src/lib/auth-session.ts:5:25)
    at getAuthHeaders (/workspaces/matmetrics/src/lib/auth-session.ts:16:23)
    at <anonymous> (/workspaces/matmetrics/src/lib/storage.ts:1317:29)
    at refreshSessionsFromAPI (/workspaces/matmetrics/src/lib/storage.ts:1362:3)
    at getSessions (/workspaces/matmetrics/src/lib/storage.ts:743:12)
    at TestContext.<anonymous> (/workspaces/matmetrics/src/lib/storage.test.ts:949:9)
    at async Test.run (node:internal/test_runner/test:1113:7)
    at async Test.processPendingSubtests (node:internal/test_runner/test:788:7)
✔ guest delete does not leak dirty mutation into later authenticated refresh merge (4.909379ms)
Error refreshing sessions from API TypeError: fetch failed
    at node:internal/deps/undici/undici:15845:13
    at process.processTicksAndRejections (node:internal/process/task_queues:103:5)
    at async <anonymous> (/workspaces/matmetrics/src/lib/storage.ts:1318:19) {
  [cause]: AggregateError [ECONNREFUSED]: 
      at internalConnectMultiple (node:net:1134:18)
      at afterConnectMultiple (node:net:1715:7) {
    code: 'ECONNREFUSED',
    [errors]: [ [Error], [Error] ]
  }
}
Failed to read Firebase ID token Error: Firebase client configuration is missing
    at getFirebaseApp (/workspaces/matmetrics/src/lib/firebase-client.ts:41:11)
    at getFirebaseAuth (/workspaces/matmetrics/src/lib/firebase-client.ts:48:18)
    at getCurrentIdToken (/workspaces/matmetrics/src/lib/auth-session.ts:5:25)
    at getAuthHeaders (/workspaces/matmetrics/src/lib/auth-session.ts:16:23)
    at processSingleQueueOperation (/workspaces/matmetrics/src/lib/storage.ts:1547:27)
    at <anonymous> (/workspaces/matmetrics/src/lib/storage.ts:1639:30)
Failed to read Firebase ID token Error: Firebase client configuration is missing
    at getFirebaseApp (/workspaces/matmetrics/src/lib/firebase-client.ts:41:11)
    at getFirebaseAuth (/workspaces/matmetrics/src/lib/firebase-client.ts:48:18)
    at getCurrentIdToken (/workspaces/matmetrics/src/lib/auth-session.ts:5:25)
    at getAuthHeaders (/workspaces/matmetrics/src/lib/auth-session.ts:16:23)
    at <anonymous> (/workspaces/matmetrics/src/lib/storage.ts:1317:29)
    at refreshSessionsFromAPI (/workspaces/matmetrics/src/lib/storage.ts:1362:3)
    at <anonymous> (/workspaces/matmetrics/src/lib/storage.ts:1667:15)
Failed to read Firebase ID token Error: Firebase client configuration is missing
    at getFirebaseApp (/workspaces/matmetrics/src/lib/firebase-client.ts:41:11)
    at getFirebaseAuth (/workspaces/matmetrics/src/lib/firebase-client.ts:48:18)
    at getCurrentIdToken (/workspaces/matmetrics/src/lib/auth-session.ts:5:25)
    at getAuthHeaders (/workspaces/matmetrics/src/lib/auth-session.ts:16:23)
    at <anonymous> (/workspaces/matmetrics/src/lib/storage.ts:1317:29)
    at refreshSessionsFromAPI (/workspaces/matmetrics/src/lib/storage.ts:1362:3)
    at getSessions (/workspaces/matmetrics/src/lib/storage.ts:743:12)
    at TestContext.<anonymous> (/workspaces/matmetrics/src/lib/storage.test.ts:1007:24)
    at async Test.run (node:internal/test_runner/test:1113:7)
    at async Test.processPendingSubtests (node:internal/test_runner/test:788:7)
Failed to read Firebase ID token Error: Firebase client configuration is missing
    at getFirebaseApp (/workspaces/matmetrics/src/lib/firebase-client.ts:41:11)
    at getFirebaseAuth (/workspaces/matmetrics/src/lib/firebase-client.ts:48:18)
    at getCurrentIdToken (/workspaces/matmetrics/src/lib/auth-session.ts:5:25)
    at getAuthHeaders (/workspaces/matmetrics/src/lib/auth-session.ts:16:23)
    at saveSession (/workspaces/matmetrics/src/lib/storage.ts:805:29)
    at TestContext.<anonymous> (/workspaces/matmetrics/src/lib/storage.test.ts:1053:34)
    at Test.runInAsyncScope (node:async_hooks:214:14)
    at Test.run (node:internal/test_runner/test:1106:25)
    at Test.processPendingSubtests (node:internal/test_runner/test:788:18)
    at Test.postRun (node:internal/test_runner/test:1235:19)
Error syncing mutation SyncRequestError: Request failed with status 503
    at syncRequest (/workspaces/matmetrics/src/lib/storage.ts:644:9)
    at async saveSession (/workspaces/matmetrics/src/lib/storage.ts:808:7)
    at async TestContext.<anonymous> (/workspaces/matmetrics/src/lib/storage.test.ts:1053:28)
    at async Test.run (node:internal/test_runner/test:1113:7)
    at async Test.processPendingSubtests (node:internal/test_runner/test:788:7) {
  retryable: true,
  retryAfterMs: null
}
✔ offline non-guest mutations remain queued and keep optimistic state until replay succeeds (35.296727ms)
Error refreshing sessions from API TypeError: fetch failed
    at node:internal/deps/undici/undici:15845:13
    at process.processTicksAndRejections (node:internal/process/task_queues:103:5)
    at async <anonymous> (/workspaces/matmetrics/src/lib/storage.ts:1318:19) {
  [cause]: AggregateError [ECONNREFUSED]: 
      at internalConnectMultiple (node:net:1134:18)
      at afterConnectMultiple (node:net:1715:7) {
    code: 'ECONNREFUSED',
    [errors]: [ [Error], [Error] ]
  }
}
Failed to read Firebase ID token Error: Firebase client configuration is missing
    at getFirebaseApp (/workspaces/matmetrics/src/lib/firebase-client.ts:41:11)
    at getFirebaseAuth (/workspaces/matmetrics/src/lib/firebase-client.ts:48:18)
    at getCurrentIdToken (/workspaces/matmetrics/src/lib/auth-session.ts:5:25)
    at getAuthHeaders (/workspaces/matmetrics/src/lib/auth-session.ts:16:23)
    at <anonymous> (/workspaces/matmetrics/src/lib/storage.ts:1317:29)
    at refreshSessionsFromAPI (/workspaces/matmetrics/src/lib/storage.ts:1362:3)
    at getSessions (/workspaces/matmetrics/src/lib/storage.ts:743:12)
    at TestContext.<anonymous> (/workspaces/matmetrics/src/lib/storage.test.ts:1059:9)
    at async Test.run (node:internal/test_runner/test:1113:7)
    at async Test.processPendingSubtests (node:internal/test_runner/test:788:7)
Failed to read Firebase ID token Error: Firebase client configuration is missing
    at getFirebaseApp (/workspaces/matmetrics/src/lib/firebase-client.ts:41:11)
    at getFirebaseAuth (/workspaces/matmetrics/src/lib/firebase-client.ts:48:18)
    at getCurrentIdToken (/workspaces/matmetrics/src/lib/auth-session.ts:5:25)
    at getAuthHeaders (/workspaces/matmetrics/src/lib/auth-session.ts:16:23)
    at processSingleQueueOperation (/workspaces/matmetrics/src/lib/storage.ts:1547:27)
    at <anonymous> (/workspaces/matmetrics/src/lib/storage.ts:1639:30)
Failed to read Firebase ID token Error: Firebase client configuration is missing
    at getFirebaseApp (/workspaces/matmetrics/src/lib/firebase-client.ts:41:11)
    at getFirebaseAuth (/workspaces/matmetrics/src/lib/firebase-client.ts:48:18)
    at getCurrentIdToken (/workspaces/matmetrics/src/lib/auth-session.ts:5:25)
    at getAuthHeaders (/workspaces/matmetrics/src/lib/auth-session.ts:16:23)
    at <anonymous> (/workspaces/matmetrics/src/lib/storage.ts:1317:29)
    at refreshSessionsFromAPI (/workspaces/matmetrics/src/lib/storage.ts:1362:3)
    at <anonymous> (/workspaces/matmetrics/src/lib/storage.ts:1667:15)
Failed to read Firebase ID token Error: Firebase client configuration is missing
    at getFirebaseApp (/workspaces/matmetrics/src/lib/firebase-client.ts:41:11)
    at getFirebaseAuth (/workspaces/matmetrics/src/lib/firebase-client.ts:48:18)
    at getCurrentIdToken (/workspaces/matmetrics/src/lib/auth-session.ts:5:25)
    at getAuthHeaders (/workspaces/matmetrics/src/lib/auth-session.ts:16:23)
    at <anonymous> (/workspaces/matmetrics/src/lib/storage.ts:1317:29)
    at refreshSessionsFromAPI (/workspaces/matmetrics/src/lib/storage.ts:1362:3)
    at getSessions (/workspaces/matmetrics/src/lib/storage.ts:743:12)
    at TestContext.<anonymous> (/workspaces/matmetrics/src/lib/storage.test.ts:1068:24)
    at async Test.run (node:internal/test_runner/test:1113:7)
    at async Test.processPendingSubtests (node:internal/test_runner/test:788:7)
✔ retryable queued create remains visible until replay succeeds (39.277941ms)
Error refreshing sessions from API TypeError: fetch failed
    at node:internal/deps/undici/undici:15845:13
    at process.processTicksAndRejections (node:internal/process/task_queues:103:5)
    at async <anonymous> (/workspaces/matmetrics/src/lib/storage.ts:1318:19) {
  [cause]: AggregateError [ECONNREFUSED]: 
      at internalConnectMultiple (node:net:1134:18)
      at afterConnectMultiple (node:net:1715:7) {
    code: 'ECONNREFUSED',
    [errors]: [ [Error], [Error] ]
  }
}
✔ alive foreign lease is not reclaimed before expiry (87.613864ms)
sync_lease_takeover {
  event: 'sync_lease_takeover',
  at: '2026-05-20T22:29:42.849Z',
  reason: 'expired',
  attempt: 0,
  previousOwner: 'live-owner',
  previousEpoch: 5,
  previousExpiresAt: 1779316182687,
  nextEpoch: 1779316182849
}
✔ two contenders cannot steal a live lease before expiry (964.607785ms)
✔ sync lease prevents replay when another tab already owns the queue flush (30.739213ms)
sync_lease_takeover {
  event: 'sync_lease_takeover',
  at: '2026-05-20T22:29:42.899Z',
  reason: 'expired',
  attempt: 4,
  previousOwner: 'other-tab',
  previousEpoch: 1,
  previousExpiresAt: 1779316182884,
  nextEpoch: 1779316182899
}
✔ sync lease acquisition retries when competing lease expires during backoff (30.634268ms)
✔ sync lease owner can renew its own lease (3.560664ms)
✔ stale sync lease owner cannot renew after another owner acquires lease (5.919412ms)
Failed to read Firebase ID token Error: Firebase client configuration is missing
    at getFirebaseApp (/workspaces/matmetrics/src/lib/firebase-client.ts:41:11)
    at getFirebaseAuth (/workspaces/matmetrics/src/lib/firebase-client.ts:48:18)
    at getCurrentIdToken (/workspaces/matmetrics/src/lib/auth-session.ts:5:25)
    at getAuthHeaders (/workspaces/matmetrics/src/lib/auth-session.ts:16:23)
    at processSingleQueueOperation (/workspaces/matmetrics/src/lib/storage.ts:1547:27)
    at <anonymous> (/workspaces/matmetrics/src/lib/storage.ts:1639:30)
✔ sync loop exits when lease renewal fails mid-flight (35.56445ms)
Failed to read Firebase ID token Error: Firebase client configuration is missing
    at getFirebaseApp (/workspaces/matmetrics/src/lib/firebase-client.ts:41:11)
    at getFirebaseAuth (/workspaces/matmetrics/src/lib/firebase-client.ts:48:18)
    at getCurrentIdToken (/workspaces/matmetrics/src/lib/auth-session.ts:5:25)
    at getAuthHeaders (/workspaces/matmetrics/src/lib/auth-session.ts:16:23)
    at processSingleQueueOperation (/workspaces/matmetrics/src/lib/storage.ts:1547:27)
    at <anonymous> (/workspaces/matmetrics/src/lib/storage.ts:1639:30)
Failed to read Firebase ID token Error: Firebase client configuration is missing
    at getFirebaseApp (/workspaces/matmetrics/src/lib/firebase-client.ts:41:11)
    at getFirebaseAuth (/workspaces/matmetrics/src/lib/firebase-client.ts:48:18)
    at getCurrentIdToken (/workspaces/matmetrics/src/lib/auth-session.ts:5:25)
    at getAuthHeaders (/workspaces/matmetrics/src/lib/auth-session.ts:16:23)
    at <anonymous> (/workspaces/matmetrics/src/lib/storage.ts:1317:29)
    at refreshSessionsFromAPI (/workspaces/matmetrics/src/lib/storage.ts:1362:3)
    at <anonymous> (/workspaces/matmetrics/src/lib/storage.ts:1667:15)
✔ sync loop heartbeat cadence uses configured sync heartbeat value (31.852151ms)
Failed to read Firebase ID token Error: Firebase client configuration is missing
    at getFirebaseApp (/workspaces/matmetrics/src/lib/firebase-client.ts:41:11)
    at getFirebaseAuth (/workspaces/matmetrics/src/lib/firebase-client.ts:48:18)
    at getCurrentIdToken (/workspaces/matmetrics/src/lib/auth-session.ts:5:25)
    at getAuthHeaders (/workspaces/matmetrics/src/lib/auth-session.ts:16:23)
    at processSingleQueueOperation (/workspaces/matmetrics/src/lib/storage.ts:1547:27)
    at <anonymous> (/workspaces/matmetrics/src/lib/storage.ts:1639:30)
Failed to read Firebase ID token Error: Firebase client configuration is missing
    at getFirebaseApp (/workspaces/matmetrics/src/lib/firebase-client.ts:41:11)
    at getFirebaseAuth (/workspaces/matmetrics/src/lib/firebase-client.ts:48:18)
    at getCurrentIdToken (/workspaces/matmetrics/src/lib/auth-session.ts:5:25)
    at getAuthHeaders (/workspaces/matmetrics/src/lib/auth-session.ts:16:23)
    at <anonymous> (/workspaces/matmetrics/src/lib/storage.ts:1317:29)
    at refreshSessionsFromAPI (/workspaces/matmetrics/src/lib/storage.ts:1362:3)
    at <anonymous> (/workspaces/matmetrics/src/lib/storage.ts:1667:15)
✔ sync loop heartbeat cadence is clamped by ttl safety bound (30.627566ms)
Failed to read Firebase ID token Error: Firebase client configuration is missing
    at getFirebaseApp (/workspaces/matmetrics/src/lib/firebase-client.ts:41:11)
    at getFirebaseAuth (/workspaces/matmetrics/src/lib/firebase-client.ts:48:18)
    at getCurrentIdToken (/workspaces/matmetrics/src/lib/auth-session.ts:5:25)
    at getAuthHeaders (/workspaces/matmetrics/src/lib/auth-session.ts:16:23)
    at processSingleQueueOperation (/workspaces/matmetrics/src/lib/storage.ts:1547:27)
    at <anonymous> (/workspaces/matmetrics/src/lib/storage.ts:1639:30)
✔ sync loop aborts safely when lease expires during a delayed sync request (1253.495638ms)
sync_lease_takeover {
  event: 'sync_lease_takeover',
  at: '2026-05-20T22:29:44.303Z',
  reason: 'expired',
  attempt: 1,
  previousOwner: 'other-tab',
  previousEpoch: 1,
  previousExpiresAt: 1779316184274,
  nextEpoch: 1779316184303
}
✔ compare-and-verify lease acquisition retries under interleaving writes (31.286439ms)
✔ fallback lease acquisition aborts ownership when storage event signals immediate overwrite (102.553841ms)
✔ clock drift edge: local clock skew cannot reclaim a still-live foreign lease (77.455722ms)
✔ simultaneous fallback contenders allow only one sync critical-section owner (103.783773ms)
Failed to read Firebase ID token Error: Firebase client configuration is missing
    at getFirebaseApp (/workspaces/matmetrics/src/lib/firebase-client.ts:41:11)
    at getFirebaseAuth (/workspaces/matmetrics/src/lib/firebase-client.ts:48:18)
    at getCurrentIdToken (/workspaces/matmetrics/src/lib/auth-session.ts:5:25)
    at getAuthHeaders (/workspaces/matmetrics/src/lib/auth-session.ts:16:23)
    at <anonymous> (/workspaces/matmetrics/src/lib/storage.ts:1317:29)
    at refreshSessionsFromAPI (/workspaces/matmetrics/src/lib/storage.ts:1362:3)
    at getSessions (/workspaces/matmetrics/src/lib/storage.ts:765:10)
    at TestContext.<anonymous> (/workspaces/matmetrics/src/lib/storage.test.ts:1842:7)
    at Test.runInAsyncScope (node:async_hooks:214:14)
    at Test.run (node:internal/test_runner/test:1106:25)
✔ only one contender acquires web lock when racing simultaneously (3.291671ms)
✔ clearAllData clears scoped sync queue and lock keys and emits storage sync event (0.426054ms)
Failed to read Firebase ID token Error: Firebase client configuration is missing
    at getFirebaseApp (/workspaces/matmetrics/src/lib/firebase-client.ts:41:11)
    at getFirebaseAuth (/workspaces/matmetrics/src/lib/firebase-client.ts:48:18)
    at getCurrentIdToken (/workspaces/matmetrics/src/lib/auth-session.ts:5:25)
    at getAuthHeaders (/workspaces/matmetrics/src/lib/auth-session.ts:16:23)
    at <anonymous> (/workspaces/matmetrics/src/lib/storage.ts:1317:29)
    at refreshSessionsFromAPI (/workspaces/matmetrics/src/lib/storage.ts:1362:3)
    at getSessions (/workspaces/matmetrics/src/lib/storage.ts:743:12)
    at TestContext.<anonymous> (/workspaces/matmetrics/src/lib/storage.test.ts:1856:24)
    at async Test.run (node:internal/test_runner/test:1113:7)
    at async Test.processPendingSubtests (node:internal/test_runner/test:788:7)
Failed to read Firebase ID token Error: Firebase client configuration is missing
    at getFirebaseApp (/workspaces/matmetrics/src/lib/firebase-client.ts:41:11)
    at getFirebaseAuth (/workspaces/matmetrics/src/lib/firebase-client.ts:48:18)
    at getCurrentIdToken (/workspaces/matmetrics/src/lib/auth-session.ts:5:25)
    at getAuthHeaders (/workspaces/matmetrics/src/lib/auth-session.ts:16:23)
    at saveSession (/workspaces/matmetrics/src/lib/storage.ts:805:29)
    at TestContext.<anonymous> (/workspaces/matmetrics/src/lib/storage.test.ts:1891:27)
    at Test.runInAsyncScope (node:async_hooks:214:14)
    at Test.run (node:internal/test_runner/test:1106:25)
    at Test.processPendingSubtests (node:internal/test_runner/test:788:18)
    at Test.postRun (node:internal/test_runner/test:1235:19)
✔ clearAllData prevents stale in-flight refresh from repopulating sessions (7.248314ms)
Error refreshing sessions from API TypeError: fetch failed
    at node:internal/deps/undici/undici:15845:13
    at process.processTicksAndRejections (node:internal/process/task_queues:103:5)
    at async <anonymous> (/workspaces/matmetrics/src/lib/storage.ts:1318:19) {
  [cause]: AggregateError [ECONNREFUSED]: 
      at internalConnectMultiple (node:net:1134:18)
      at afterConnectMultiple (node:net:1715:7) {
    code: 'ECONNREFUSED',
    [errors]: [ [Error], [Error] ]
  }
}
Failed to read Firebase ID token Error: Firebase client configuration is missing
    at getFirebaseApp (/workspaces/matmetrics/src/lib/firebase-client.ts:41:11)
    at getFirebaseAuth (/workspaces/matmetrics/src/lib/firebase-client.ts:48:18)
    at getCurrentIdToken (/workspaces/matmetrics/src/lib/auth-session.ts:5:25)
    at getAuthHeaders (/workspaces/matmetrics/src/lib/auth-session.ts:16:23)
    at <anonymous> (/workspaces/matmetrics/src/lib/storage.ts:1317:29)
    at refreshSessionsFromAPI (/workspaces/matmetrics/src/lib/storage.ts:1362:3)
    at saveSession (/workspaces/matmetrics/src/lib/storage.ts:826:12)
    at async TestContext.<anonymous> (/workspaces/matmetrics/src/lib/storage.test.ts:1900:7)
    at async Test.run (node:internal/test_runner/test:1113:7)
    at async Test.processPendingSubtests (node:internal/test_runner/test:788:7)
Failed to read Firebase ID token Error: Firebase client configuration is missing
    at getFirebaseApp (/workspaces/matmetrics/src/lib/firebase-client.ts:41:11)
    at getFirebaseAuth (/workspaces/matmetrics/src/lib/firebase-client.ts:48:18)
    at getCurrentIdToken (/workspaces/matmetrics/src/lib/auth-session.ts:5:25)
    at getAuthHeaders (/workspaces/matmetrics/src/lib/auth-session.ts:16:23)
    at <anonymous> (/workspaces/matmetrics/src/lib/storage.ts:1317:29)
    at refreshSessionsFromAPI (/workspaces/matmetrics/src/lib/storage.ts:1362:3)
    at getSessions (/workspaces/matmetrics/src/lib/storage.ts:743:12)
    at TestContext.<anonymous> (/workspaces/matmetrics/src/lib/storage.test.ts:1903:24)
    at async Test.run (node:internal/test_runner/test:1113:7)
    at async Test.processPendingSubtests (node:internal/test_runner/test:788:7)
✔ clearAllData prevents stale in-flight sync from restoring queue or sessions (20.635407ms)
✔ setGitHubSyncStatus persists via preferences and remains observable after reload/init (11.100774ms)
Error refreshing sessions from API TypeError: fetch failed
    at node:internal/deps/undici/undici:15845:13
    at process.processTicksAndRejections (node:internal/process/task_queues:103:5)
    at async <anonymous> (/workspaces/matmetrics/src/lib/storage.ts:1318:19) {
  [cause]: AggregateError [ECONNREFUSED]: 
      at internalConnectMultiple (node:net:1134:18)
      at afterConnectMultiple (node:net:1715:7) {
    code: 'ECONNREFUSED',
    [errors]: [ [Error], [Error] ]
  }
}
✔ setGitHubSyncStatus warns and no-ops when no authenticated user is available (8.682087ms)
ℹ tests 38
ℹ suites 0
ℹ pass 38
ℹ fail 0
ℹ cancelled 0
ℹ skipped 0
ℹ todo 0
ℹ duration_ms 6463.818902

> nextn@1.2.0 typecheck
> rm -rf .next/types tsconfig.tsbuildinfo && next typegen && mkdir -p .next/types && printf 'export {};
> ' > .next/types/cache-life.d.ts && tsc --noEmit --incremental false && prettier --check tsconfig.json

Generating route types...
✓ Types generated successfully
plugins/log-doctor/src/hooks/use-audit-state-manager.test.ts(1,23): error TS7016: Could not find a declaration file for module 'jsdom'. '/workspaces/matmetrics/node_modules/jsdom/lib/api.js' implicitly has an 'any' type.
  Try `npm i --save-dev @types/jsdom` if it exists or add a new declaration (.d.ts) file containing `declare module 'jsdom';`
plugins/log-doctor/src/hooks/use-audit-state-manager.test.ts(22,7): error TS2741: Property 'severity' is missing in type '{ code: AuditFlagCode; message: string; }' but required in type 'AuditFlag'.
plugins/log-doctor/src/hooks/use-file-validation-controller.test.ts(1,23): error TS7016: Could not find a declaration file for module 'jsdom'. '/workspaces/matmetrics/node_modules/jsdom/lib/api.js' implicitly has an 'any' type.
  Try `npm i --save-dev @types/jsdom` if it exists or add a new declaration (.d.ts) file containing `declare module 'jsdom';`
plugins/log-doctor/src/hooks/use-file-validation-controller.ts(24,62): error TS2353: Object literal may only specify known properties, and 'kind' does not exist in type 'LogDoctorUiState | (() => LogDoctorUiState)'.
plugins/log-doctor/src/hooks/use-file-validation-controller.ts(150,18): error TS2353: Object literal may only specify known properties, and 'kind' does not exist in type 'SetStateAction<LogDoctorUiState>'.
plugins/log-doctor/src/hooks/use-log-doctor-validation.tsx(16,3): error TS2305: Module '"../components/log-doctor"' has no exported member 'parseApiResponse'.
plugins/log-doctor/src/hooks/use-log-doctor-validation.tsx(17,3): error TS2305: Module '"../components/log-doctor"' has no exported member 'toErrorReason'.
plugins/log-doctor/src/hooks/use-log-doctor-validation.tsx(144,18): error TS7006: Parameter 'file' implicitly has an 'any' type.
plugins/log-doctor/src/hooks/use-log-doctor-validation.tsx(145,15): error TS7006: Parameter 'file' implicitly has an 'any' type.
src/lib/plugins/evidence-accumulator.ts(11,11): error TS2739: Type '{}' is missing the following properties from type 'Record<PluginMaturityCategory, number>': contract_metadata, runtime_integration, feature_quality, test_coverage, operability_docs
src/lib/plugins/evidence-accumulator.ts(12,11): error TS2739: Type '{}' is missing the following properties from type 'Record<PluginMaturityCategory, string[]>': contract_metadata, runtime_integration, feature_quality, test_coverage, operability_docs
src/lib/plugins/evidence-accumulator.ts(13,11): error TS2739: Type '{}' is missing the following properties from type 'Record<PluginMaturityCategory, string>': contract_metadata, runtime_integration, feature_quality, test_coverage, operability_docs
src/lib/plugins/evidence-accumulator.ts(68,11): error TS2739: Type '{}' is missing the following properties from type 'Record<PluginMaturityCategory, string[]>': contract_metadata, runtime_integration, feature_quality, test_coverage, operability_docs
src/lib/plugins/maturity-config.ts(57,30): error TS2345: Argument of type 'any' is not assignable to parameter of type 'never'.
src/lib/plugins/tier-evaluator.ts(30,7): error TS2820: Type '"Gold"' is not assignable to type 'PluginMaturityTier'. Did you mean '"gold"'?
src/lib/plugins/tier-evaluator.ts(35,7): error TS2820: Type '"Silver"' is not assignable to type 'PluginMaturityTier'. Did you mean '"silver"'?
src/lib/plugins/tier-evaluator.ts(39,5): error TS2820: Type '"Bronze"' is not assignable to type 'PluginMaturityTier'. Did you mean '"bronze"'?
